study_hours_per_week,attendance_percent,previous_grade,absences,internet_access,extracurricular_activity,result
7,59.0,85.0,5,Yes,No,Fail
4,79.0,58.0,14,Yes,Yes,Fail
13,74.0,50.0,2,Yes,No,Pass
15,88.0,52.0,5,Yes,Yes,Pass
11,69.0,85.0,2,Yes,No,Pass
8,54.0,84.0,0,Yes,No,Pass
13,50.0,40.0,12,No,Yes,Fail
5,79.0,79.0,20,No,Yes,Fail
7,98.0,83.0,13,Yes,Yes,Fail
10,52.0,58.0,12,Yes,No,Fail
3,94.0,51.0,3,Yes,Yes,Fail
7,63.0,47.0,6,Yes,No,Fail
11,79.0,47.0,9,Yes,No,Fail
11,99.0,100.0,6,Yes,No,Pass
8,53.0,92.0,20,Yes,Yes,Fail
5,67.0,84.0,14,Yes,No,Fail
4,86.0,51.0,14,Yes,Yes,Fail
8,74.0,100.0,3,Yes,No,Pass
8,97.0,87.0,5,Yes,No,Pass
3,50.0,72.0,19,Yes,No,Fail
6,95.0,84.0,4,Yes,Yes,Pass
5,64.0,65.0,19,Yes,Yes,Fail
2,58.0,78.0,11,Yes,Yes,Fail
8,64.0,67.0,0,Yes,No,Pass
12,98.0,97.0,7,Yes,Yes,Pass
14,73.0,44.0,0,Yes,No,Pass
6,53.0,47.0,4,Yes,No,Fail
2,61.0,64.0,5,Yes,No,Fail
12,86.0,66.0,20,Yes,Yes,Fail
5,86.0,85.0,2,Yes,No,Pass
1,92.0,62.0,14,Yes,No,Fail
12,55.0,69.0,4,Yes,No,Fail
10,88.0,84.0,13,Yes,Yes,Pass
6,95.0,86.0,17,Yes,Yes,Fail
13,73.0,62.0,15,Yes,Yes,Pass
12,60.0,88.0,5,No,No,Pass
9,62.0,86.0,13,Yes,No,Fail
1,83.0,59.0,7,Yes,No,Fail
11,74.0,57.0,6,Yes,Yes,Pass
11,56.0,57.0,7,Yes,Yes,Fail
15,53.0,41.0,12,Yes,Yes,Pass
10,57.0,43.0,5,Yes,Yes,Fail
12,69.0,69.0,17,Yes,Yes,Pass
12,78.0,72.0,1,Yes,No,Pass
15,100.0,75.0,7,,No,Pass
14,94.0,57.0,10,Yes,No,Pass
14,95.0,76.0,0,Yes,Yes,Pass
15,59.0,58.0,5,Yes,Yes,Pass
14,92.0,86.0,15,Yes,No,Pass
3,83.0,67.0,19,No,No,Fail
12,75.0,79.0,11,No,Yes,Pass
7,90.0,59.0,10,Yes,No,Fail
4,98.0,88.0,9,Yes,Yes,Fail
9,52.0,72.0,2,No,No,Pass
3,55.0,51.0,12,Yes,No,Fail
5,54.0,97.0,2,Yes,Yes,Pass
3,54.0,90.0,14,No,No,Fail
7,96.0,54.0,15,Yes,Yes,Fail
5,72.0,80.0,12,Yes,No,Fail
9,98.0,78.0,16,Yes,Yes,Pass
7,58.0,41.0,2,Yes,No,Fail
2,84.0,68.0,19,No,No,Fail
4,69.0,80.0,10,Yes,No,Fail
9,98.0,49.0,20,Yes,Yes,Fail
12,91.0,41.0,18,Yes,No,Fail
14,84.0,90.0,10,Yes,Yes,Pass
2,99.0,50.0,15,Yes,Yes,Fail
10,67.0,52.0,20,Yes,No,Fail
9,66.0,49.0,2,No,Yes,Fail
10,73.0,53.0,5,Yes,Yes,Fail
5,52.0,57.0,13,Yes,No,Fail
2,81.0,90.0,17,Yes,Yes,Fail
4,84.0,93.0,16,Yes,No,Fail
12,87.0,48.0,3,No,Yes,Fail
15,62.0,96.0,14,Yes,Yes,Pass
12,,78.0,10,Yes,Yes,Pass
7,74.0,67.0,2,Yes,No,Fail
12,58.0,42.0,2,Yes,No,Fail
13,53.0,59.0,15,Yes,Yes,Fail
8,63.0,45.0,4,Yes,Yes,Fail
15,86.0,66.0,20,Yes,No,Fail
3,83.0,92.0,9,No,Yes,Fail
14,60.0,41.0,18,Yes,No,Fail
1,90.0,68.0,3,No,Yes,Fail
4,52.0,77.0,18,Yes,No,Fail
2,77.0,42.0,10,Yes,Yes,Fail
8,78.0,55.0,1,Yes,No,Fail
4,58.0,69.0,9,Yes,No,Fail
2,52.0,79.0,10,Yes,Yes,Fail
14,74.0,41.0,19,Yes,Yes,Fail
6,83.0,56.0,15,Yes,No,Fail
6,61.0,80.0,18,No,No,Fail
10,91.0,51.0,10,Yes,Yes,Fail
4,58.0,74.0,13,Yes,Yes,Fail
6,64.0,82.0,1,Yes,No,Fail
13,89.0,40.0,4,Yes,Yes,Pass
15,74.0,94.0,4,Yes,No,Pass
2,54.0,84.0,18,Yes,No,Fail
10,60.0,54.0,20,Yes,No,Fail
12,83.0,65.0,11,Yes,No,Fail
2,73.0,76.0,17,No,No,Fail
10,64.0,60.0,3,Yes,Yes,Fail
14,87.0,88.0,16,Yes,No,Pass
4,57.0,70.0,9,Yes,Yes,Fail
14,54.0,64.0,19,Yes,No,Fail
15,97.0,62.0,5,Yes,No,Pass
15,75.0,63.0,13,Yes,Yes,Pass
8,67.0,96.0,10,Yes,No,Pass
14,55.0,77.0,10,Yes,Yes,Pass
7,86.0,67.0,17,Yes,No,Fail
12,97.0,60.0,17,Yes,No,Fail
9,62.0,93.0,10,Yes,No,Fail
14,77.0,82.0,20,Yes,Yes,Pass
8,54.0,57.0,11,Yes,Yes,Fail
5,62.0,75.0,4,Yes,No,Fail
13,66.0,74.0,8,Yes,Yes,Fail
2,99.0,84.0,8,Yes,No,Fail
15,89.0,94.0,9,Yes,Yes,Pass
5,94.0,48.0,18,Yes,No,Fail
8,81.0,92.0,0,No,No,Pass
10,78.0,77.0,6,Yes,No,Pass
9,100.0,97.0,3,Yes,No,Pass
12,52.0,69.0,0,Yes,Yes,Pass
12,89.0,99.0,14,Yes,No,Pass
12,83.0,83.0,7,No,Yes,Pass
13,89.0,73.0,11,Yes,Yes,Pass
9,76.0,71.0,17,Yes,Yes,Fail
13,62.0,42.0,14,Yes,No,Fail
15,94.0,42.0,16,No,No,Fail
13,82.0,67.0,13,No,Yes,Pass
1,55.0,83.0,13,Yes,Yes,Fail
9,73.0,54.0,17,No,Yes,Fail
7,68.0,80.0,19,Yes,No,Fail
9,65.0,62.0,17,Yes,,Fail
8,89.0,79.0,15,Yes,Yes,Pass
1,77.0,50.0,0,Yes,Yes,Fail
12,82.0,87.0,10,Yes,No,Pass
8,97.0,71.0,14,Yes,Yes,Fail
8,90.0,97.0,11,Yes,No,Pass
15,62.0,98.0,7,Yes,Yes,Pass
11,92.0,96.0,19,Yes,No,Fail
3,94.0,93.0,5,Yes,No,Pass
1,74.0,75.0,2,Yes,No,Fail
8,91.0,99.0,12,Yes,Yes,Pass
3,85.0,72.0,12,Yes,Yes,Fail
3,76.0,63.0,1,Yes,Yes,Fail
1,87.0,78.0,4,No,No,Fail
11,56.0,73.0,16,Yes,Yes,Fail
5,54.0,95.0,5,Yes,Yes,Fail
10,92.0,67.0,1,No,No,Pass
7,94.0,76.0,3,Yes,No,Pass
10,100.0,46.0,10,No,Yes,Fail
9,80.0,43.0,7,Yes,Yes,Fail
12,72.0,76.0,11,Yes,No,Pass
7,91.0,95.0,7,Yes,No,Pass
9,59.0,40.0,10,Yes,No,Fail
8,81.0,40.0,19,Yes,No,Fail
12,92.0,86.0,7,Yes,Yes,Pass
2,79.0,59.0,7,Yes,Yes,Fail
1,88.0,58.0,16,No,Yes,Fail
7,80.0,68.0,19,Yes,No,Fail
7,67.0,49.0,19,Yes,No,Fail
14,85.0,99.0,15,Yes,Yes,Pass
8,51.0,57.0,13,Yes,No,Fail
5,63.0,67.0,10,No,Yes,Fail
3,62.0,74.0,6,Yes,No,Fail
12,78.0,82.0,15,Yes,No,Fail
8,61.0,86.0,12,Yes,Yes,Fail
6,88.0,70.0,14,Yes,Yes,Fail
11,51.0,66.0,15,No,No,Fail
3,81.0,50.0,20,Yes,No,Fail
1,62.0,88.0,8,Yes,No,Fail
3,95.0,88.0,2,No,No,Pass
5,76.0,77.0,18,No,No,Fail
15,98.0,44.0,19,Yes,Yes,Pass
14,,47.0,4,Yes,Yes,Pass
3,66.0,73.0,9,Yes,No,Fail
1,89.0,87.0,16,Yes,Yes,Fail
5,80.0,91.0,14,No,No,Fail
10,83.0,95.0,7,Yes,Yes,Pass
7,73.0,51.0,14,Yes,Yes,Fail
15,94.0,77.0,20,Yes,Yes,Pass
14,84.0,,13,Yes,No,Fail
7,97.0,70.0,19,Yes,Yes,Fail
11,55.0,43.0,6,Yes,No,Fail
9,68.0,88.0,20,Yes,No,Fail
15,79.0,84.0,11,Yes,No,Pass
15,56.0,89.0,16,Yes,No,Fail
10,59.0,44.0,16,Yes,Yes,Fail
10,90.0,69.0,9,Yes,No,Fail
12,81.0,95.0,18,Yes,Yes,Pass
13,83.0,63.0,13,Yes,No,Fail
3,77.0,98.0,10,Yes,Yes,Fail
15,64.0,42.0,1,Yes,No,Pass
7,79.0,50.0,17,Yes,No,Fail
1,86.0,84.0,6,Yes,No,Fail
4,78.0,43.0,11,No,No,Fail
13,71.0,65.0,1,Yes,No,Pass
4,53.0,66.0,19,Yes,Yes,Fail
14,69.0,85.0,17,No,No,Fail
5,81.0,93.0,5,Yes,Yes,Fail
7,85.0,82.0,9,Yes,No,Fail
7,99.0,66.0,19,Yes,No,Fail
13,53.0,81.0,14,No,No,Pass
15,76.0,90.0,4,Yes,No,Pass
11,66.0,89.0,19,Yes,No,Pass
13,61.0,45.0,2,Yes,No,Pass
4,71.0,98.0,4,Yes,Yes,Pass
13,66.0,100.0,7,Yes,No,Pass
7,59.0,54.0,7,Yes,No,Fail
11,50.0,92.0,7,Yes,No,Pass
3,71.0,69.0,11,Yes,No,Fail
6,75.0,81.0,7,Yes,Yes,Fail
12,67.0,76.0,10,Yes,Yes,Pass
2,99.0,97.0,13,No,No,Fail
10,63.0,100.0,7,Yes,Yes,Pass
13,96.0,76.0,9,Yes,Yes,Pass
14,78.0,81.0,6,Yes,No,Pass
9,61.0,99.0,16,Yes,No,Fail
5,85.0,76.0,3,Yes,No,Pass
6,84.0,74.0,12,Yes,Yes,Fail
12,61.0,62.0,3,Yes,No,Pass
12,56.0,45.0,4,Yes,Yes,Fail
12,78.0,43.0,3,Yes,No,Pass
12,60.0,57.0,17,No,Yes,Fail
4,82.0,99.0,5,No,No,Pass
14,55.0,48.0,1,Yes,No,Pass
14,96.0,88.0,10,Yes,Yes,Pass
11,64.0,68.0,13,Yes,No,Fail
10,81.0,52.0,4,No,No,Fail
7,100.0,98.0,5,Yes,Yes,Pass
12,60.0,86.0,9,No,No,Pass
9,72.0,91.0,7,Yes,Yes,Fail
7,75.0,56.0,13,No,No,Fail
14,83.0,84.0,2,No,No,Pass
1,95.0,71.0,11,Yes,Yes,Fail
1,83.0,87.0,15,Yes,No,Fail
9,78.0,61.0,16,Yes,Yes,Fail
11,53.0,43.0,0,Yes,Yes,Fail
14,66.0,44.0,9,Yes,No,Fail
9,84.0,76.0,9,Yes,No,Pass
4,62.0,80.0,20,Yes,No,Fail
13,90.0,88.0,1,Yes,Yes,Pass
9,88.0,52.0,8,Yes,Yes,Pass
3,64.0,73.0,12,Yes,No,Fail
7,78.0,84.0,15,Yes,Yes,Fail
6,78.0,61.0,17,No,Yes,Fail
8,60.0,92.0,18,Yes,No,Fail
11,81.0,98.0,11,Yes,No,Fail
9,51.0,62.0,7,Yes,No,Fail
14,96.0,90.0,16,Yes,Yes,Pass
5,63.0,42.0,14,Yes,Yes,Fail
1,69.0,81.0,9,Yes,Yes,Fail
3,71.0,73.0,14,Yes,,Fail
10,60.0,71.0,14,Yes,Yes,Fail
12,76.0,84.0,6,Yes,No,Pass
8,52.0,90.0,12,No,No,Fail
15,66.0,97.0,16,No,No,Pass
11,93.0,88.0,8,Yes,No,Pass
6,77.0,60.0,7,,Yes,Fail
8,78.0,85.0,19,Yes,Yes,Fail
9,70.0,83.0,20,Yes,No,Fail
4,96.0,60.0,17,Yes,Yes,Fail
1,65.0,83.0,12,Yes,No,Fail
14,86.0,50.0,15,No,No,Fail
1,,78.0,8,No,No,Fail
10,55.0,43.0,11,Yes,Yes,Fail
4,68.0,90.0,11,Yes,No,Fail
12,54.0,40.0,5,Yes,Yes,Pass
14,52.0,67.0,18,Yes,No,Fail
7,50.0,63.0,6,Yes,Yes,Fail
2,87.0,100.0,2,Yes,No,Pass
3,64.0,74.0,15,No,Yes,Fail
1,83.0,52.0,17,Yes,No,Fail
5,84.0,86.0,15,Yes,No,Fail
1,98.0,73.0,6,Yes,No,Fail
8,74.0,50.0,3,Yes,Yes,Fail
1,73.0,75.0,7,Yes,,Fail
11,61.0,90.0,12,Yes,No,Fail
1,67.0,100.0,12,Yes,Yes,Fail
2,64.0,56.0,16,Yes,Yes,Fail
2,93.0,74.0,16,Yes,Yes,Fail
12,65.0,99.0,4,No,Yes,Pass
6,76.0,57.0,5,Yes,No,Fail
7,57.0,79.0,18,Yes,No,Fail
5,95.0,61.0,12,Yes,Yes,Fail
1,74.0,96.0,13,Yes,No,Fail
1,66.0,63.0,3,Yes,No,Fail
3,78.0,97.0,6,No,Yes,Fail
14,57.0,58.0,7,No,No,Pass
2,64.0,76.0,12,Yes,No,Fail
5,76.0,78.0,5,Yes,No,Fail
12,95.0,60.0,5,Yes,Yes,Pass
10,99.0,47.0,20,Yes,No,Fail
6,56.0,67.0,2,Yes,Yes,Fail
7,52.0,44.0,2,Yes,No,Pass
4,78.0,56.0,12,Yes,Yes,Fail
7,93.0,76.0,1,Yes,No,Pass
11,73.0,75.0,15,Yes,Yes,Fail
8,52.0,93.0,5,No,Yes,Pass
11,69.0,58.0,7,Yes,No,Fail
1,95.0,66.0,7,Yes,Yes,Fail
15,64.0,92.0,5,Yes,No,Pass
6,74.0,73.0,13,Yes,No,Fail
8,79.0,50.0,2,Yes,No,Fail
5,63.0,93.0,9,Yes,Yes,Fail
4,56.0,84.0,2,No,No,Fail
2,66.0,86.0,11,Yes,No,Fail
6,93.0,51.0,16,Yes,No,Fail
6,69.0,93.0,4,Yes,Yes,Pass
11,85.0,60.0,19,Yes,No,Fail
15,58.0,93.0,8,Yes,No,Pass
1,87.0,50.0,20,No,Yes,Fail
9,97.0,78.0,19,Yes,Yes,Fail
12,71.0,67.0,6,Yes,Yes,Fail
11,51.0,44.0,3,Yes,No,Fail
6,73.0,56.0,12,Yes,No,Fail
13,57.0,95.0,12,No,No,Fail
3,60.0,59.0,9,No,Yes,Fail
4,62.0,80.0,17,Yes,Yes,Fail
12,66.0,85.0,16,Yes,No,Fail
11,57.0,97.0,19,Yes,No,Pass
4,70.0,51.0,19,Yes,No,Fail
3,67.0,45.0,12,No,No,Fail
10,79.0,56.0,16,Yes,Yes,Fail
3,67.0,90.0,3,Yes,No,Pass
15,95.0,58.0,0,Yes,Yes,Pass
3,96.0,65.0,0,No,Yes,Fail
4,80.0,87.0,14,Yes,No,Fail
7,87.0,83.0,12,Yes,Yes,Fail
4,81.0,83.0,16,Yes,Yes,Fail
9,60.0,91.0,7,No,Yes,Pass
1,94.0,71.0,17,Yes,Yes,Fail
8,74.0,45.0,12,Yes,No,Fail
7,82.0,94.0,13,Yes,Yes,Fail
2,87.0,97.0,7,Yes,Yes,Fail
8,90.0,75.0,7,Yes,Yes,Pass
1,57.0,77.0,14,No,Yes,Fail
11,60.0,50.0,12,Yes,Yes,Fail
12,71.0,72.0,6,Yes,No,Fail
9,100.0,63.0,4,Yes,Yes,Pass
9,73.0,62.0,16,Yes,No,Fail
2,90.0,54.0,15,No,No,Fail
7,66.0,66.0,1,Yes,No,Fail
15,61.0,50.0,17,Yes,Yes,Fail
14,95.0,96.0,16,Yes,Yes,Pass
10,81.0,90.0,6,Yes,No,Pass
3,64.0,89.0,12,Yes,No,Fail
7,65.0,56.0,17,Yes,No,Fail
12,71.0,90.0,13,Yes,No,Pass
10,77.0,92.0,17,Yes,No,Fail
9,69.0,53.0,12,Yes,No,Fail
4,82.0,66.0,10,Yes,No,Fail
12,59.0,57.0,20,No,Yes,Fail
1,89.0,67.0,20,Yes,No,Fail
2,81.0,90.0,15,Yes,No,Fail
1,99.0,86.0,16,Yes,Yes,Fail
14,82.0,86.0,7,Yes,No,Pass
12,51.0,43.0,18,Yes,No,Fail
5,82.0,46.0,19,Yes,No,Fail
5,82.0,84.0,14,Yes,No,Fail
11,90.0,74.0,8,No,Yes,Pass
7,62.0,87.0,19,Yes,No,Fail
9,,48.0,9,Yes,No,Fail
9,82.0,47.0,11,Yes,No,Fail
3,62.0,91.0,20,Yes,Yes,Fail
3,75.0,84.0,19,Yes,Yes,Fail
3,71.0,56.0,0,Yes,No,Fail
4,88.0,56.0,19,Yes,Yes,Fail
8,51.0,88.0,8,No,Yes,Pass
6,87.0,72.0,14,Yes,No,Fail
8,88.0,71.0,0,Yes,No,Pass
1,75.0,47.0,11,No,Yes,Fail
8,95.0,58.0,2,Yes,Yes,Pass
4,99.0,77.0,10,Yes,Yes,Fail
11,64.0,42.0,1,No,No,Fail
1,83.0,,15,Yes,Yes,Fail
8,91.0,44.0,8,No,Yes,Fail
4,93.0,52.0,14,Yes,No,Fail
6,98.0,86.0,11,Yes,No,Pass
8,89.0,85.0,0,No,No,Pass
4,60.0,100.0,12,Yes,Yes,Fail
14,52.0,70.0,13,Yes,Yes,Pass
3,55.0,94.0,7,Yes,No,Fail
14,58.0,55.0,7,No,Yes,Pass
9,55.0,89.0,11,No,No,Fail
3,58.0,71.0,0,Yes,Yes,Fail
9,88.0,61.0,10,Yes,Yes,Fail
13,80.0,68.0,7,No,No,Fail
2,81.0,61.0,9,Yes,No,Fail
14,90.0,82.0,18,Yes,No,Fail
2,99.0,42.0,10,Yes,Yes,Fail
2,61.0,93.0,6,Yes,Yes,Fail
6,57.0,49.0,10,Yes,No,Fail
3,57.0,81.0,16,Yes,No,Fail
13,99.0,60.0,0,Yes,Yes,Pass
9,77.0,55.0,20,No,Yes,Fail
4,69.0,51.0,20,Yes,Yes,Fail
1,96.0,41.0,7,Yes,No,Fail
4,56.0,80.0,5,Yes,No,Fail
1,60.0,63.0,17,Yes,No,Fail
14,69.0,74.0,5,Yes,,Pass
5,65.0,95.0,4,Yes,No,Pass
4,53.0,69.0,12,Yes,Yes,Fail
8,55.0,96.0,18,No,No,Fail
8,71.0,69.0,7,Yes,No,Fail
7,75.0,86.0,8,Yes,Yes,Pass
3,52.0,74.0,16,Yes,Yes,Fail
1,90.0,58.0,2,No,Yes,Fail
1,91.0,89.0,18,Yes,Yes,Fail
12,63.0,47.0,10,Yes,No,Fail
11,60.0,65.0,16,Yes,No,Fail
3,67.0,88.0,20,Yes,No,Fail
6,61.0,79.0,18,Yes,No,Fail
7,72.0,46.0,1,Yes,No,Fail
6,61.0,69.0,7,No,Yes,Fail
14,62.0,46.0,18,No,Yes,Fail
14,74.0,42.0,6,Yes,No,Pass
6,94.0,40.0,16,No,Yes,Fail
6,100.0,75.0,5,Yes,No,Fail
13,68.0,64.0,18,Yes,Yes,Pass
3,95.0,76.0,5,Yes,No,Fail
6,85.0,40.0,1,Yes,No,Fail
8,94.0,54.0,5,No,Yes,Fail
11,57.0,76.0,4,Yes,Yes,Fail
11,78.0,52.0,18,Yes,No,Fail
2,81.0,79.0,19,Yes,Yes,Fail
5,100.0,47.0,3,Yes,Yes,Fail
14,93.0,44.0,16,Yes,No,Fail
1,67.0,99.0,10,Yes,Yes,Fail
12,55.0,48.0,3,Yes,No,Fail
15,67.0,40.0,12,No,No,Fail
1,68.0,75.0,19,Yes,Yes,Fail
5,71.0,74.0,16,Yes,No,Fail
12,86.0,41.0,8,No,No,Fail
13,81.0,79.0,3,Yes,Yes,Pass
3,90.0,62.0,13,Yes,Yes,Fail
4,52.0,48.0,18,Yes,Yes,Fail
3,77.0,73.0,2,Yes,Yes,Fail
1,59.0,85.0,13,Yes,Yes,Fail
1,100.0,53.0,7,Yes,Yes,Fail
12,84.0,43.0,0,Yes,Yes,Pass
12,78.0,69.0,9,Yes,No,Fail
14,64.0,70.0,17,Yes,No,Pass
13,82.0,77.0,15,Yes,No,Fail
14,56.0,50.0,7,Yes,No,Pass
5,61.0,74.0,0,Yes,No,Fail
6,98.0,47.0,11,Yes,No,Fail
3,79.0,42.0,7,Yes,No,Fail
12,70.0,53.0,15,Yes,Yes,Fail
9,80.0,99.0,17,No,No,Pass
5,73.0,52.0,3,Yes,Yes,Fail
8,69.0,84.0,5,Yes,Yes,Fail
13,86.0,71.0,11,Yes,No,Pass
1,53.0,73.0,8,No,Yes,Fail
14,77.0,84.0,14,Yes,Yes,Pass
5,93.0,100.0,15,Yes,No,Fail
15,69.0,58.0,11,No,No,Pass
3,73.0,98.0,13,Yes,No,Pass
12,99.0,77.0,12,Yes,No,Pass
1,98.0,55.0,1,Yes,Yes,Fail
4,100.0,41.0,2,,Yes,Fail
15,81.0,79.0,9,Yes,No,Pass
13,90.0,56.0,8,Yes,Yes,Pass
5,85.0,94.0,19,Yes,No,Fail
7,83.0,73.0,7,Yes,Yes,Pass
1,85.0,81.0,9,Yes,No,Fail
3,51.0,99.0,18,Yes,No,Fail
2,64.0,55.0,2,Yes,No,Fail
9,83.0,77.0,4,No,No,Pass
10,85.0,99.0,2,Yes,No,Pass
15,55.0,41.0,15,No,Yes,Fail
6,88.0,41.0,16,Yes,Yes,Fail
10,91.0,65.0,14,Yes,Yes,Fail
3,100.0,52.0,2,Yes,Yes,Fail
8,100.0,95.0,11,Yes,Yes,Pass
14,61.0,86.0,8,Yes,No,Pass
8,52.0,70.0,20,Yes,Yes,Fail
2,94.0,99.0,11,No,No,Fail
15,67.0,73.0,14,Yes,No,Fail
6,89.0,78.0,1,Yes,Yes,Pass
7,70.0,42.0,17,Yes,Yes,Fail
2,64.0,47.0,19,No,Yes,Fail
15,82.0,62.0,11,Yes,No,Pass
11,84.0,53.0,3,Yes,Yes,Pass
10,75.0,95.0,15,Yes,Yes,Fail
2,57.0,94.0,15,Yes,No,Fail
10,85.0,66.0,0,Yes,Yes,Pass
1,97.0,93.0,1,Yes,No,Fail
8,79.0,68.0,2,Yes,No,Fail
1,72.0,78.0,20,Yes,No,Fail
9,91.0,92.0,19,Yes,Yes,Fail
11,93.0,78.0,16,Yes,No,Pass
6,63.0,40.0,19,No,No,Fail
7,63.0,56.0,20,Yes,Yes,Fail
13,51.0,80.0,0,Yes,Yes,Pass
10,86.0,69.0,19,Yes,Yes,Fail
7,54.0,92.0,5,Yes,No,Pass
10,87.0,52.0,14,No,No,Fail
3,94.0,60.0,13,Yes,No,Fail
2,90.0,58.0,19,Yes,No,Fail
9,96.0,92.0,14,Yes,Yes,Fail
8,63.0,58.0,13,Yes,Yes,Fail
13,88.0,96.0,20,Yes,No,Pass
12,74.0,64.0,4,Yes,No,Pass
10,69.0,61.0,5,No,No,Fail
7,51.0,70.0,16,Yes,No,Fail
9,88.0,56.0,10,Yes,No,Fail
4,55.0,94.0,15,Yes,No,Fail
13,66.0,62.0,11,Yes,No,Fail
4,74.0,71.0,14,Yes,No,Fail
1,77.0,49.0,3,Yes,Yes,Fail
8,51.0,49.0,17,No,No,Fail
14,84.0,75.0,20,Yes,Yes,Pass
14,86.0,47.0,2,Yes,No,Pass
12,54.0,93.0,7,Yes,No,Fail
3,50.0,91.0,2,Yes,No,Fail
7,89.0,59.0,7,Yes,No,Fail
15,61.0,71.0,17,Yes,Yes,Fail
12,85.0,89.0,9,Yes,Yes,Pass
2,94.0,53.0,19,Yes,No,Fail
2,72.0,89.0,16,No,No,Fail
7,96.0,67.0,7,No,Yes,Pass
15,80.0,85.0,10,Yes,No,Pass
6,60.0,91.0,4,Yes,No,Fail
3,59.0,92.0,12,Yes,No,Fail
9,52.0,63.0,20,Yes,Yes,Fail
10,63.0,54.0,4,Yes,No,Fail
15,65.0,61.0,12,Yes,No,Fail
14,59.0,69.0,5,Yes,No,Pass
13,78.0,43.0,4,Yes,No,Fail
6,59.0,52.0,8,Yes,No,Fail
10,61.0,98.0,15,Yes,No,Pass
10,79.0,62.0,1,Yes,Yes,Pass
6,90.0,47.0,0,Yes,Yes,Fail
1,50.0,57.0,7,Yes,Yes,Fail
4,54.0,51.0,18,Yes,Yes,Fail
10,69.0,94.0,10,No,No,Pass
6,57.0,70.0,11,Yes,No,Fail
15,92.0,53.0,11,Yes,No,Pass
6,61.0,73.0,6,Yes,Yes,Fail
11,50.0,57.0,12,No,No,Fail
12,69.0,95.0,7,Yes,Yes,Pass
5,77.0,73.0,8,Yes,Yes,Fail
1,92.0,50.0,6,No,Yes,Fail
8,86.0,80.0,20,Yes,No,Fail
5,96.0,51.0,14,No,Yes,Fail
12,86.0,88.0,1,No,No,Pass
12,61.0,54.0,19,No,Yes,Fail
12,86.0,96.0,11,Yes,No,Pass
5,98.0,70.0,0,Yes,No,Pass
7,98.0,88.0,7,Yes,No,Pass
4,93.0,97.0,4,Yes,No,Fail
6,77.0,68.0,14,Yes,No,Fail
13,96.0,65.0,0,Yes,No,Pass
4,64.0,57.0,0,Yes,No,Fail
14,55.0,71.0,9,Yes,Yes,Pass
15,93.0,61.0,9,Yes,Yes,Pass
3,69.0,77.0,20,Yes,Yes,Fail
7,99.0,56.0,14,Yes,No,Fail
8,63.0,62.0,16,Yes,No,Fail
4,51.0,63.0,5,Yes,No,Fail
13,58.0,89.0,2,Yes,No,Pass
2,86.0,47.0,12,Yes,Yes,Fail
12,69.0,80.0,15,Yes,No,Pass
10,75.0,45.0,7,Yes,No,Fail
14,78.0,44.0,14,Yes,Yes,Fail
3,50.0,83.0,16,Yes,No,Fail
1,84.0,96.0,16,No,Yes,Fail
8,55.0,68.0,12,Yes,No,Fail
15,86.0,67.0,16,Yes,Yes,Pass
3,54.0,50.0,5,Yes,No,Fail
12,82.0,96.0,16,Yes,No,Pass
10,98.0,40.0,15,Yes,Yes,Fail
7,100.0,82.0,13,Yes,Yes,Pass
10,63.0,58.0,12,Yes,No,Fail
5,61.0,48.0,5,Yes,No,Fail
10,91.0,66.0,2,Yes,No,Pass
5,69.0,73.0,13,Yes,No,Fail
14,99.0,83.0,13,Yes,Yes,Pass
7,73.0,43.0,14,No,No,Fail
15,92.0,75.0,7,Yes,No,Pass
9,83.0,57.0,14,Yes,No,Fail
12,74.0,54.0,12,Yes,Yes,Fail
5,99.0,90.0,16,Yes,No,Pass
1,78.0,52.0,20,Yes,No,Fail
10,88.0,58.0,2,Yes,No,Pass
10,80.0,88.0,5,Yes,No,Pass
1,96.0,45.0,4,Yes,No,Fail
15,92.0,87.0,16,No,No,Pass
2,99.0,95.0,1,Yes,Yes,Pass
14,72.0,51.0,14,No,No,Fail
6,93.0,90.0,4,Yes,Yes,Pass
9,87.0,,19,Yes,Yes,Fail
8,69.0,56.0,5,Yes,Yes,Pass
13,72.0,97.0,5,Yes,No,Pass
5,94.0,62.0,17,No,Yes,Fail
1,65.0,65.0,17,Yes,No,Fail
13,99.0,68.0,3,Yes,No,Pass
7,91.0,72.0,16,Yes,Yes,Fail
15,57.0,99.0,13,Yes,Yes,Pass
5,99.0,66.0,13,Yes,No,Fail
6,70.0,64.0,12,Yes,No,Fail
13,50.0,95.0,6,Yes,Yes,Pass
7,57.0,94.0,11,No,No,Pass
3,78.0,49.0,14,Yes,No,Fail
12,81.0,86.0,18,Yes,Yes,Fail
10,87.0,62.0,10,Yes,No,Fail
3,54.0,60.0,14,Yes,No,Fail
5,96.0,60.0,11,Yes,No,Fail
6,71.0,82.0,2,Yes,Yes,Pass
9,96.0,52.0,16,Yes,No,Fail
13,83.0,76.0,2,Yes,No,Pass
14,50.0,72.0,18,No,Yes,Fail
12,75.0,63.0,19,Yes,No,Fail
5,92.0,83.0,3,Yes,No,Fail
15,59.0,50.0,2,No,No,Pass
1,79.0,56.0,15,No,No,Fail
14,,43.0,11,Yes,Yes,Pass
14,67.0,86.0,7,Yes,No,Pass
14,66.0,64.0,16,Yes,No,Fail
4,75.0,69.0,6,No,Yes,Fail
5,57.0,48.0,10,No,No,Fail
12,96.0,60.0,17,Yes,No,Fail
10,89.0,59.0,0,Yes,Yes,Pass
10,98.0,58.0,2,Yes,No,Fail
5,61.0,58.0,3,Yes,Yes,Fail
7,76.0,51.0,12,Yes,Yes,Fail
4,57.0,76.0,5,Yes,Yes,Fail
1,74.0,81.0,13,No,Yes,Fail
14,95.0,56.0,4,Yes,No,Pass
14,53.0,76.0,15,Yes,Yes,Fail
5,82.0,93.0,14,Yes,No,Fail
7,50.0,87.0,14,Yes,Yes,Fail
10,68.0,78.0,3,Yes,No,Fail
10,80.0,67.0,7,Yes,No,Fail
6,65.0,80.0,15,Yes,No,Fail
5,63.0,74.0,15,No,Yes,Fail
4,97.0,86.0,3,Yes,Yes,Pass
2,54.0,87.0,12,Yes,Yes,Fail
4,90.0,57.0,12,Yes,No,Fail
15,75.0,53.0,1,Yes,No,Pass
10,77.0,74.0,2,Yes,No,Pass
10,51.0,83.0,7,Yes,No,Fail
3,99.0,80.0,14,Yes,Yes,Fail
10,55.0,99.0,10,Yes,No,Pass
1,58.0,46.0,8,Yes,No,Fail
8,82.0,80.0,6,Yes,No,Fail
5,90.0,52.0,12,No,No,Fail
13,74.0,57.0,1,No,Yes,Pass
4,97.0,76.0,7,Yes,Yes,Fail
8,62.0,52.0,6,Yes,No,Fail
7,,75.0,11,No,No,Fail
2,62.0,70.0,18,Yes,Yes,Fail
1,80.0,41.0,6,Yes,No,Fail
12,90.0,55.0,9,No,Yes,Fail
11,60.0,48.0,15,Yes,No,Fail
4,53.0,48.0,2,No,No,Fail
8,83.0,77.0,9,No,No,Pass
12,87.0,50.0,5,Yes,No,Pass
2,95.0,93.0,17,Yes,Yes,Fail
3,53.0,95.0,17,Yes,Yes,Fail
12,87.0,61.0,4,Yes,No,Pass
1,68.0,72.0,20,Yes,Yes,Fail
1,55.0,75.0,6,Yes,Yes,Fail
13,83.0,84.0,1,Yes,No,Pass
3,67.0,62.0,10,Yes,Yes,Fail
11,62.0,84.0,12,Yes,No,Pass
5,90.0,84.0,4,Yes,No,Pass
12,72.0,73.0,5,Yes,No,Pass
3,68.0,48.0,13,Yes,No,Fail
1,94.0,63.0,11,No,No,Fail
1,60.0,47.0,3,No,No,Fail
8,50.0,46.0,5,Yes,No,Fail
10,73.0,75.0,9,No,Yes,Pass
11,56.0,57.0,17,Yes,No,Fail
12,74.0,42.0,14,Yes,No,Fail
13,70.0,67.0,7,Yes,No,Pass
13,64.0,45.0,8,Yes,Yes,Pass
12,50.0,83.0,4,No,No,Pass
15,61.0,83.0,9,Yes,Yes,Pass
14,56.0,60.0,19,Yes,No,Fail
2,64.0,67.0,5,Yes,No,Fail
13,70.0,79.0,15,Yes,Yes,Pass
3,68.0,93.0,2,Yes,No,Pass
2,78.0,93.0,9,Yes,Yes,Fail
3,74.0,40.0,10,Yes,No,Fail
7,82.0,75.0,10,Yes,Yes,Pass
1,98.0,60.0,16,Yes,No,Fail
10,81.0,99.0,3,Yes,Yes,Pass
8,98.0,82.0,3,Yes,Yes,Pass
13,84.0,74.0,16,Yes,Yes,Pass
10,93.0,52.0,8,Yes,Yes,Pass
10,87.0,96.0,18,Yes,No,Fail
10,75.0,88.0,4,Yes,Yes,Pass
14,60.0,93.0,5,Yes,No,Pass
2,84.0,93.0,2,No,No,Pass
3,57.0,49.0,0,Yes,No,Fail
9,95.0,92.0,19,Yes,No,Fail
7,63.0,83.0,15,No,No,Fail
4,59.0,86.0,10,Yes,Yes,Fail
10,51.0,92.0,12,Yes,Yes,Fail
5,95.0,49.0,9,Yes,No,Fail
2,58.0,85.0,2,Yes,No,Fail
13,52.0,52.0,8,Yes,No,Fail
11,70.0,76.0,11,No,Yes,Fail
13,75.0,77.0,13,Yes,Yes,Fail
8,57.0,63.0,0,Yes,Yes,Fail
4,97.0,41.0,17,No,No,Fail
9,51.0,61.0,16,No,No,Fail
5,55.0,56.0,8,Yes,Yes,Fail
13,77.0,75.0,8,Yes,No,Fail
9,78.0,53.0,9,No,No,Fail
4,75.0,49.0,18,Yes,No,Fail
10,74.0,74.0,14,Yes,Yes,Fail
5,61.0,64.0,4,No,No,Fail
9,54.0,,14,Yes,No,Fail
8,83.0,86.0,19,Yes,No,Fail
3,97.0,77.0,1,Yes,No,Pass
1,86.0,56.0,12,Yes,Yes,Fail
3,64.0,51.0,15,Yes,Yes,Fail
4,93.0,93.0,14,Yes,No,Fail
2,85.0,91.0,9,Yes,Yes,Fail
1,64.0,63.0,13,Yes,No,Fail
7,92.0,68.0,9,Yes,No,Fail
8,97.0,82.0,13,Yes,No,Fail
7,72.0,64.0,8,Yes,Yes,Fail
14,55.0,75.0,13,Yes,Yes,Pass
5,95.0,97.0,2,Yes,No,Pass
12,99.0,99.0,19,Yes,Yes,Pass
1,93.0,65.0,15,Yes,No,Fail
7,92.0,77.0,1,Yes,No,Pass
13,94.0,40.0,9,Yes,Yes,Fail
7,70.0,59.0,2,Yes,No,Pass
9,72.0,94.0,10,No,Yes,Fail
3,92.0,67.0,10,Yes,Yes,Fail
9,65.0,55.0,20,Yes,No,Fail
14,96.0,86.0,20,Yes,No,Pass
1,64.0,56.0,12,Yes,No,Fail
1,74.0,79.0,6,No,No,Fail
14,85.0,67.0,16,Yes,No,Pass
4,60.0,97.0,1,Yes,Yes,Fail
9,100.0,51.0,11,Yes,Yes,Fail
6,64.0,66.0,9,Yes,No,Fail
13,53.0,93.0,17,Yes,Yes,Pass
11,70.0,92.0,10,Yes,No,Pass
3,62.0,81.0,15,Yes,No,Fail
1,71.0,98.0,16,Yes,No,Fail
4,68.0,86.0,18,No,No,Fail
12,83.0,69.0,17,No,Yes,Fail
13,63.0,80.0,2,Yes,Yes,Pass
9,53.0,73.0,20,Yes,No,Fail
3,97.0,76.0,15,Yes,No,Fail
12,95.0,45.0,5,Yes,No,Pass
9,76.0,46.0,11,No,No,Fail
7,78.0,71.0,10,Yes,Yes,Fail
12,96.0,71.0,14,Yes,No,Pass
14,77.0,92.0,14,No,No,Pass
15,84.0,64.0,15,Yes,Yes,Pass
4,57.0,72.0,9,No,No,Fail
3,65.0,94.0,11,No,No,Fail
10,91.0,97.0,12,Yes,No,Pass
15,85.0,46.0,3,Yes,Yes,Pass
5,79.0,91.0,6,No,No,Fail
5,67.0,96.0,1,No,Yes,Pass
3,51.0,51.0,14,Yes,Yes,Fail
12,98.0,55.0,7,No,No,Pass
9,62.0,,6,Yes,No,Pass
4,53.0,82.0,14,Yes,No,Fail
11,75.0,92.0,13,No,Yes,Pass
5,74.0,75.0,7,Yes,Yes,Fail
4,79.0,52.0,11,No,No,Fail
5,60.0,46.0,12,Yes,Yes,Fail
7,56.0,75.0,10,Yes,Yes,Fail
9,80.0,86.0,16,Yes,Yes,Fail
7,93.0,90.0,16,Yes,Yes,Fail
13,59.0,48.0,3,Yes,Yes,Pass
5,88.0,,20,Yes,No,Fail
10,62.0,50.0,7,Yes,Yes,Fail
10,80.0,47.0,4,Yes,Yes,Pass
7,56.0,72.0,15,Yes,No,Fail
14,98.0,62.0,3,Yes,Yes,Pass
15,91.0,64.0,14,Yes,No,Pass
10,91.0,95.0,11,Yes,Yes,Fail
5,85.0,47.0,4,Yes,Yes,Fail
3,69.0,84.0,15,Yes,Yes,Fail
7,53.0,61.0,13,Yes,Yes,Fail
13,56.0,98.0,9,Yes,No,Pass
11,50.0,43.0,6,Yes,No,Fail
11,93.0,79.0,12,Yes,Yes,Pass
2,94.0,42.0,19,No,Yes,Fail
15,91.0,68.0,4,Yes,No,Pass
12,96.0,80.0,2,Yes,No,Pass
9,62.0,68.0,14,Yes,No,Fail
10,71.0,73.0,3,Yes,Yes,Pass
10,70.0,73.0,14,Yes,No,Fail
12,71.0,67.0,13,Yes,Yes,Fail
1,77.0,52.0,19,Yes,Yes,Fail
13,58.0,54.0,18,Yes,No,Fail
6,75.0,99.0,12,Yes,No,Fail
7,58.0,62.0,9,Yes,No,Fail
14,64.0,83.0,20,Yes,No,Fail
13,59.0,65.0,4,Yes,No,Pass
8,73.0,43.0,19,Yes,Yes,Fail
10,91.0,65.0,19,Yes,No,Fail
9,57.0,79.0,5,Yes,Yes,Fail
2,73.0,48.0,3,Yes,No,Fail
11,65.0,94.0,1,Yes,No,Pass
10,98.0,44.0,15,Yes,Yes,Fail
2,75.0,95.0,17,Yes,Yes,Fail
5,,71.0,4,Yes,Yes,Fail
13,86.0,59.0,3,Yes,Yes,Pass
5,53.0,89.0,12,Yes,No,Fail
6,99.0,50.0,18,Yes,Yes,Fail
3,73.0,54.0,1,No,Yes,Fail
8,68.0,71.0,12,Yes,No,Fail
13,85.0,67.0,10,Yes,No,Pass
1,88.0,61.0,3,No,No,Fail
6,59.0,80.0,19,Yes,No,Fail
4,74.0,56.0,19,Yes,,Fail
1,67.0,98.0,14,Yes,No,Fail
15,68.0,65.0,3,Yes,No,Pass
7,85.0,83.0,8,Yes,No,Pass
9,59.0,46.0,6,Yes,Yes,Fail
13,82.0,81.0,18,Yes,Yes,Pass
4,99.0,96.0,18,Yes,No,Fail
4,54.0,65.0,5,No,No,Fail
6,96.0,64.0,5,No,No,Fail
12,98.0,49.0,19,Yes,No,Fail
15,84.0,98.0,14,Yes,No,Pass
3,93.0,84.0,14,Yes,No,Fail
13,83.0,58.0,19,No,No,Fail
12,82.0,50.0,8,Yes,No,Pass
6,70.0,52.0,3,Yes,Yes,Fail
7,66.0,92.0,17,Yes,No,Fail
11,71.0,47.0,17,Yes,No,Fail
10,97.0,79.0,4,Yes,Yes,Pass
10,86.0,43.0,19,Yes,No,Fail
3,64.0,86.0,10,Yes,Yes,Fail
7,84.0,70.0,4,Yes,No,Pass
14,77.0,67.0,3,Yes,No,Pass
3,56.0,50.0,11,Yes,No,Fail
13,81.0,82.0,1,No,Yes,Pass
13,60.0,40.0,12,No,No,Fail
2,59.0,88.0,9,No,No,Fail
12,58.0,86.0,8,No,Yes,Fail
14,63.0,91.0,9,Yes,No,Pass
10,62.0,77.0,6,Yes,Yes,Pass
4,74.0,63.0,3,Yes,Yes,Pass
12,51.0,93.0,18,No,Yes,Fail
8,84.0,99.0,9,Yes,No,Pass
13,56.0,96.0,2,Yes,No,Pass
15,70.0,86.0,20,Yes,No,Fail
9,67.0,70.0,18,Yes,Yes,Fail
7,52.0,80.0,20,Yes,Yes,Fail
1,91.0,85.0,1,Yes,No,Fail
3,88.0,89.0,19,Yes,No,Fail
13,90.0,65.0,9,Yes,No,Pass
12,98.0,88.0,1,Yes,Yes,Pass
14,60.0,89.0,1,Yes,Yes,Pass
9,88.0,44.0,16,No,No,Fail
15,73.0,59.0,15,Yes,No,Fail
12,95.0,91.0,15,Yes,Yes,Pass
1,68.0,80.0,13,Yes,Yes,Fail
9,53.0,50.0,6,Yes,No,Fail
8,75.0,95.0,20,Yes,No,Pass
1,87.0,93.0,10,Yes,No,Fail
6,91.0,72.0,0,Yes,Yes,Fail
5,81.0,89.0,10,Yes,Yes,Fail
6,88.0,77.0,20,Yes,No,Fail
10,94.0,66.0,3,Yes,Yes,Pass
12,95.0,73.0,6,Yes,No,Pass
13,85.0,54.0,14,Yes,No,Fail
13,89.0,71.0,17,Yes,Yes,Pass
13,86.0,100.0,11,No,Yes,Pass
15,82.0,97.0,16,Yes,No,Pass
5,85.0,60.0,0,Yes,No,Pass
6,52.0,85.0,10,Yes,No,Fail
5,58.0,44.0,0,Yes,Yes,Fail
11,57.0,45.0,14,Yes,No,Fail
12,82.0,77.0,20,Yes,No,Fail
5,55.0,61.0,9,Yes,No,Fail
4,90.0,57.0,6,Yes,Yes,Fail
3,88.0,53.0,1,Yes,No,Pass
3,53.0,49.0,9,Yes,No,Fail
4,62.0,85.0,3,Yes,No,Fail
9,98.0,52.0,11,Yes,No,Fail
2,51.0,70.0,18,No,No,Fail
15,54.0,69.0,10,Yes,No,Pass
9,93.0,42.0,7,Yes,No,Fail
1,76.0,69.0,17,Yes,Yes,Fail
14,81.0,45.0,10,Yes,Yes,Fail
15,70.0,68.0,10,Yes,Yes,Pass
15,57.0,47.0,12,Yes,Yes,Fail
1,87.0,83.0,2,Yes,Yes,Fail
5,57.0,84.0,11,Yes,No,Fail
6,99.0,82.0,2,No,Yes,Pass
6,52.0,83.0,9,Yes,No,Fail
3,93.0,72.0,16,Yes,No,Fail
7,52.0,56.0,1,No,Yes,Fail
9,71.0,87.0,16,Yes,No,Fail
11,55.0,50.0,15,Yes,No,Fail
12,51.0,52.0,1,Yes,No,Fail
10,72.0,89.0,19,No,Yes,Fail
8,93.0,50.0,5,Yes,Yes,Fail
6,51.0,70.0,9,Yes,No,Fail
12,87.0,67.0,9,Yes,Yes,Pass
8,66.0,83.0,7,Yes,No,Pass
12,84.0,45.0,0,Yes,No,Pass
5,83.0,80.0,12,Yes,Yes,Fail
8,72.0,55.0,8,Yes,No,Fail
10,79.0,43.0,9,Yes,Yes,Fail
12,57.0,74.0,14,Yes,No,Fail
4,71.0,99.0,4,No,Yes,Fail
10,93.0,87.0,15,No,No,Pass
8,85.0,95.0,12,Yes,Yes,Fail
10,54.0,98.0,19,Yes,No,Fail
12,62.0,65.0,17,Yes,No,Fail
2,,96.0,10,Yes,Yes,Fail
12,80.0,51.0,8,,No,Pass
12,96.0,50.0,15,Yes,Yes,Pass
5,65.0,76.0,1,No,No,Fail
9,91.0,64.0,1,Yes,No,Fail
4,79.0,57.0,11,Yes,Yes,Fail
11,65.0,58.0,7,Yes,Yes,Fail
6,61.0,62.0,8,Yes,Yes,Fail
15,66.0,94.0,11,Yes,No,Pass
1,65.0,77.0,8,Yes,Yes,Fail
9,61.0,93.0,9,Yes,Yes,Pass
1,57.0,57.0,1,No,Yes,Fail
5,69.0,65.0,15,Yes,Yes,Fail
4,52.0,45.0,19,No,No,Fail
13,65.0,43.0,6,Yes,Yes,Pass
12,79.0,83.0,1,Yes,No,Pass
13,94.0,90.0,0,Yes,No,Pass
13,72.0,68.0,18,Yes,No,Fail
14,77.0,98.0,3,Yes,Yes,Pass
3,100.0,100.0,1,Yes,No,Pass
13,89.0,73.0,13,Yes,No,Pass
6,54.0,56.0,1,Yes,Yes,Fail
2,69.0,82.0,14,Yes,Yes,Fail
3,89.0,82.0,11,Yes,Yes,Fail
5,93.0,92.0,4,Yes,Yes,Fail
15,50.0,55.0,19,Yes,Yes,Fail
9,79.0,41.0,6,Yes,No,Fail
2,70.0,73.0,20,No,Yes,Fail
10,69.0,94.0,9,Yes,No,Pass
8,55.0,47.0,13,Yes,No,Fail
14,71.0,52.0,13,Yes,No,Fail
2,67.0,81.0,4,Yes,No,Fail
11,57.0,47.0,17,Yes,Yes,Fail
13,88.0,69.0,13,No,No,Fail
5,81.0,71.0,1,No,No,Fail
7,82.0,75.0,11,Yes,No,Pass
8,65.0,86.0,5,Yes,No,Fail
1,61.0,69.0,3,Yes,Yes,Fail
6,87.0,,12,Yes,Yes,Fail
1,83.0,82.0,3,Yes,No,Fail
2,63.0,78.0,13,Yes,No,Fail
15,85.0,56.0,15,Yes,No,Pass
1,82.0,98.0,3,No,No,Fail
11,72.0,59.0,0,Yes,Yes,Pass
5,99.0,63.0,12,Yes,Yes,Fail
10,94.0,89.0,3,No,Yes,Pass
15,51.0,61.0,19,Yes,Yes,Fail
9,90.0,68.0,17,No,No,Fail
6,70.0,61.0,5,Yes,No,Fail
11,51.0,83.0,2,Yes,No,Fail
11,76.0,48.0,12,No,Yes,Fail
1,58.0,76.0,15,Yes,Yes,Fail
13,50.0,49.0,4,Yes,Yes,Fail
1,60.0,75.0,3,Yes,No,Fail
2,52.0,76.0,20,Yes,Yes,Fail
9,72.0,67.0,7,Yes,No,Fail
3,75.0,67.0,18,No,No,Fail
15,53.0,81.0,13,No,No,Pass
1,67.0,82.0,6,No,Yes,Fail
5,55.0,60.0,13,Yes,No,Fail
7,84.0,63.0,5,Yes,No,Fail
6,71.0,81.0,11,Yes,No,Fail
12,92.0,99.0,15,No,Yes,Pass
1,64.0,79.0,16,Yes,No,Fail
5,71.0,41.0,12,Yes,No,Fail
15,86.0,94.0,13,Yes,Yes,Pass
5,91.0,,6,Yes,Yes,Fail
6,61.0,87.0,13,Yes,No,Fail
3,96.0,66.0,14,No,Yes,Fail
5,98.0,61.0,11,No,Yes,Fail
7,91.0,76.0,16,Yes,Yes,Fail
5,87.0,66.0,8,Yes,No,Fail
5,67.0,96.0,14,No,Yes,Fail
5,94.0,68.0,11,Yes,No,Fail
10,84.0,42.0,1,Yes,Yes,Fail
10,79.0,83.0,4,Yes,Yes,Pass
3,73.0,52.0,12,Yes,No,Fail
1,91.0,84.0,19,Yes,Yes,Fail
5,79.0,49.0,7,Yes,No,Fail
14,63.0,75.0,13,Yes,Yes,Fail
9,55.0,48.0,14,Yes,Yes,Fail
14,52.0,93.0,10,No,Yes,Pass
1,65.0,95.0,0,Yes,Yes,Fail
3,56.0,94.0,20,,No,Fail
13,63.0,66.0,2,Yes,,Pass
13,58.0,73.0,16,Yes,Yes,Fail
4,64.0,90.0,18,Yes,No,Fail
14,70.0,40.0,13,No,No,Fail
1,84.0,71.0,7,Yes,Yes,Fail
1,51.0,64.0,12,Yes,Yes,Fail
8,76.0,68.0,19,Yes,No,Fail
2,51.0,46.0,2,Yes,No,Fail
12,84.0,88.0,4,,No,Pass
15,67.0,42.0,8,No,No,Pass
8,63.0,59.0,5,No,No,Fail
7,69.0,59.0,1,Yes,Yes,Pass
10,67.0,92.0,12,No,Yes,Fail
10,59.0,69.0,4,Yes,Yes,Fail
2,74.0,74.0,7,Yes,No,Fail
6,51.0,74.0,0,Yes,No,Fail
6,74.0,88.0,19,Yes,No,Fail
3,82.0,78.0,11,Yes,No,Fail
11,85.0,66.0,10,No,No,Fail
2,80.0,65.0,6,Yes,No,Fail
12,63.0,53.0,14,Yes,Yes,Fail
1,50.0,56.0,10,Yes,No,Fail
6,95.0,57.0,15,No,No,Fail
12,65.0,84.0,2,Yes,Yes,Pass
5,95.0,91.0,19,Yes,No,Fail
14,52.0,68.0,13,Yes,No,Fail
14,84.0,59.0,2,Yes,Yes,Pass
11,90.0,92.0,0,Yes,Yes,Pass
9,55.0,66.0,20,Yes,No,Fail
1,74.0,57.0,14,Yes,No,Fail
15,62.0,43.0,0,Yes,No,Fail
15,83.0,40.0,16,Yes,Yes,Fail
7,57.0,89.0,1,Yes,Yes,Pass
15,70.0,40.0,19,Yes,Yes,Fail
5,83.0,97.0,5,No,Yes,Pass
5,53.0,65.0,7,Yes,Yes,Fail
14,74.0,84.0,15,No,No,Pass
2,64.0,59.0,18,Yes,Yes,Fail
11,53.0,91.0,0,Yes,Yes,Pass
3,94.0,62.0,2,Yes,Yes,Fail
7,61.0,49.0,2,No,Yes,Fail
6,81.0,98.0,4,Yes,No,Pass
12,81.0,50.0,11,Yes,No,Fail
2,77.0,80.0,11,No,No,Fail
6,62.0,80.0,19,Yes,Yes,Fail
2,80.0,44.0,12,Yes,Yes,Fail
2,63.0,97.0,19,Yes,No,Fail
2,69.0,40.0,8,Yes,Yes,Fail
14,67.0,56.0,6,Yes,No,Pass
15,78.0,61.0,3,Yes,Yes,Pass
11,55.0,73.0,18,Yes,No,Fail
3,81.0,95.0,18,Yes,Yes,Fail
15,78.0,84.0,5,No,No,Pass
2,92.0,80.0,12,No,No,Fail
4,51.0,68.0,10,Yes,No,Fail
9,72.0,43.0,12,Yes,No,Fail
6,68.0,44.0,12,Yes,No,Fail
1,80.0,50.0,19,Yes,No,Fail
8,100.0,95.0,14,Yes,Yes,Pass
15,54.0,90.0,20,Yes,Yes,Fail
12,68.0,60.0,12,Yes,No,Pass
14,83.0,74.0,10,Yes,No,Pass
7,59.0,51.0,18,Yes,Yes,Fail
10,74.0,65.0,7,No,Yes,Fail
3,51.0,90.0,19,Yes,No,Fail
1,60.0,58.0,7,Yes,Yes,Fail
5,99.0,84.0,9,Yes,Yes,Pass
13,80.0,99.0,15,Yes,Yes,Pass
4,64.0,46.0,18,Yes,No,Fail
10,58.0,86.0,10,Yes,Yes,Pass
8,72.0,94.0,12,Yes,No,Fail
1,68.0,46.0,8,Yes,Yes,Fail
10,58.0,65.0,19,Yes,No,Fail
1,84.0,79.0,18,Yes,No,Fail
12,70.0,44.0,15,No,Yes,Fail
4,58.0,60.0,6,Yes,No,Fail
8,77.0,53.0,18,Yes,Yes,Fail
5,95.0,43.0,11,No,Yes,Fail
2,100.0,62.0,14,Yes,No,Fail
6,56.0,81.0,13,Yes,Yes,Fail
5,65.0,59.0,10,Yes,No,Fail
2,65.0,54.0,9,Yes,Yes,Fail
13,82.0,89.0,10,Yes,Yes,Pass
14,53.0,91.0,5,Yes,Yes,Pass
11,53.0,84.0,1,No,No,Pass
11,88.0,68.0,10,No,No,Fail
11,89.0,47.0,18,Yes,No,Fail
3,66.0,80.0,5,Yes,Yes,Fail
15,86.0,87.0,13,Yes,Yes,Pass
9,88.0,58.0,19,Yes,No,Fail
7,78.0,87.0,5,Yes,No,Pass
7,85.0,78.0,16,Yes,Yes,Fail
15,87.0,85.0,9,No,No,Pass
11,88.0,67.0,0,No,Yes,Pass
6,99.0,85.0,2,Yes,No,Pass
8,86.0,96.0,7,Yes,No,Pass
4,84.0,66.0,7,Yes,No,Fail
8,56.0,43.0,19,Yes,No,Fail
4,76.0,97.0,14,Yes,Yes,Fail
8,77.0,54.0,6,Yes,No,Fail
9,71.0,74.0,10,Yes,No,Fail
3,63.0,76.0,6,Yes,Yes,Fail
3,56.0,40.0,3,Yes,No,Fail
11,86.0,42.0,11,Yes,No,Fail
13,71.0,86.0,5,Yes,No,Pass
2,54.0,63.0,13,,Yes,Fail
13,51.0,66.0,11,Yes,No,Fail
10,76.0,79.0,10,No,No,Fail
3,70.0,100.0,18,Yes,Yes,Fail
3,87.0,75.0,20,Yes,No,Fail
5,64.0,73.0,4,Yes,No,Fail
5,70.0,68.0,13,Yes,Yes,Fail
2,59.0,63.0,20,Yes,Yes,Fail
12,72.0,63.0,15,Yes,No,Fail
10,88.0,81.0,12,Yes,No,Pass
13,54.0,43.0,19,,No,Fail
6,50.0,42.0,3,Yes,No,Fail
5,62.0,73.0,10,Yes,Yes,Fail
6,70.0,96.0,16,Yes,Yes,Fail
1,75.0,88.0,6,Yes,No,Fail
5,99.0,62.0,13,Yes,Yes,Fail
9,,92.0,10,Yes,No,Pass
12,70.0,95.0,8,Yes,Yes,Pass
10,67.0,91.0,12,No,Yes,Fail
14,86.0,62.0,17,Yes,Yes,Fail
2,94.0,84.0,10,No,No,Fail
1,81.0,44.0,14,No,Yes,Fail
14,85.0,70.0,18,Yes,Yes,Pass
10,66.0,92.0,0,Yes,Yes,Pass
13,84.0,80.0,3,Yes,No,Pass
11,98.0,,13,No,Yes,Pass
9,60.0,100.0,13,Yes,Yes,Fail
10,,96.0,2,Yes,Yes,Pass
9,75.0,99.0,16,Yes,No,Fail
15,53.0,93.0,2,Yes,Yes,Pass
9,83.0,45.0,15,Yes,Yes,Fail
6,97.0,76.0,13,Yes,Yes,Pass
15,67.0,96.0,19,Yes,No,Fail
8,89.0,49.0,12,No,No,Fail
14,84.0,79.0,14,Yes,No,Pass
11,90.0,46.0,13,Yes,No,Fail
15,78.0,78.0,18,Yes,No,Pass
13,78.0,77.0,5,Yes,Yes,Pass
1,87.0,60.0,9,Yes,No,Fail
10,91.0,100.0,14,Yes,No,Pass
4,70.0,59.0,20,Yes,No,Fail
1,91.0,42.0,19,Yes,Yes,Fail
8,62.0,90.0,5,Yes,No,Fail
1,98.0,61.0,9,Yes,Yes,Fail
3,90.0,86.0,6,Yes,No,Fail
13,66.0,43.0,16,Yes,Yes,Fail
4,58.0,67.0,17,Yes,Yes,Fail
15,90.0,51.0,16,Yes,Yes,Fail
15,50.0,77.0,8,Yes,Yes,Fail
15,51.0,90.0,9,Yes,No,Pass
8,97.0,75.0,9,No,Yes,Fail
6,78.0,86.0,6,No,Yes,Fail
14,82.0,80.0,15,Yes,No,Pass
10,59.0,44.0,17,Yes,Yes,Fail
12,99.0,52.0,5,Yes,No,Pass
7,89.0,62.0,19,Yes,Yes,Fail
14,70.0,97.0,0,Yes,Yes,Pass
8,77.0,89.0,0,No,No,Pass
2,60.0,69.0,11,Yes,No,Fail
13,83.0,76.0,20,Yes,Yes,Fail
10,57.0,64.0,1,Yes,No,Pass
14,71.0,87.0,3,Yes,No,Pass
11,57.0,66.0,16,Yes,No,Fail
8,98.0,90.0,3,Yes,Yes,Pass
3,64.0,53.0,10,Yes,Yes,Fail
7,66.0,96.0,3,Yes,No,Fail
3,72.0,87.0,0,Yes,No,Pass
15,73.0,98.0,6,Yes,Yes,Pass
7,94.0,86.0,17,Yes,No,Fail
14,68.0,93.0,8,Yes,Yes,Pass
11,54.0,75.0,2,Yes,No,Pass
15,81.0,78.0,7,No,Yes,Pass
12,93.0,55.0,18,Yes,No,Fail
13,50.0,95.0,3,Yes,Yes,Pass
2,72.0,61.0,17,Yes,No,Fail
10,86.0,,19,Yes,No,Fail
6,57.0,93.0,10,Yes,No,Fail
3,62.0,60.0,13,Yes,No,Fail
3,57.0,47.0,17,Yes,No,Fail
15,72.0,88.0,15,Yes,No,Pass
9,92.0,55.0,2,No,Yes,Fail
7,50.0,98.0,14,No,Yes,Fail
5,94.0,94.0,3,Yes,Yes,Pass
12,100.0,70.0,4,Yes,Yes,Pass
10,73.0,81.0,16,Yes,No,Fail
7,84.0,49.0,6,Yes,Yes,Fail
9,73.0,71.0,15,Yes,No,Fail
1,66.0,98.0,13,Yes,No,Fail
7,54.0,73.0,15,No,No,Fail
6,69.0,48.0,6,Yes,No,Fail
10,70.0,56.0,8,Yes,No,Fail
14,89.0,50.0,3,Yes,Yes,Pass
12,80.0,71.0,10,Yes,Yes,Fail
9,95.0,49.0,1,Yes,No,Fail
1,85.0,61.0,11,Yes,No,Fail
13,60.0,96.0,11,No,Yes,Pass
4,64.0,56.0,3,Yes,No,Fail
9,68.0,43.0,17,Yes,Yes,Fail
4,56.0,,20,No,Yes,Fail
10,100.0,91.0,6,Yes,Yes,Pass
3,77.0,86.0,0,Yes,No,Pass
9,100.0,64.0,12,Yes,No,Fail
13,92.0,98.0,5,Yes,Yes,Pass
2,54.0,60.0,5,Yes,Yes,Fail
15,54.0,76.0,11,Yes,No,Pass
4,79.0,77.0,7,No,Yes,Fail
15,81.0,88.0,18,Yes,Yes,Pass
6,57.0,40.0,4,Yes,No,Fail
2,59.0,64.0,17,Yes,Yes,Fail
15,87.0,90.0,4,Yes,No,Pass
8,96.0,75.0,9,Yes,Yes,Fail
8,81.0,56.0,0,Yes,No,Pass
1,97.0,80.0,9,Yes,No,Fail
12,77.0,63.0,4,Yes,No,Pass
3,66.0,41.0,11,No,Yes,Fail
10,80.0,79.0,6,Yes,No,Pass
9,57.0,54.0,8,Yes,No,Fail
5,89.0,71.0,20,No,No,Fail
6,74.0,78.0,11,Yes,No,Fail
4,58.0,98.0,0,Yes,No,Pass
10,51.0,45.0,10,No,No,Fail
2,64.0,40.0,20,Yes,Yes,Fail
11,99.0,86.0,14,Yes,Yes,Pass
8,52.0,62.0,1,Yes,,Fail
11,98.0,97.0,19,Yes,Yes,Pass
13,85.0,78.0,6,Yes,No,Pass
6,53.0,100.0,20,Yes,No,Fail
5,63.0,96.0,11,Yes,No,Fail
9,,56.0,17,Yes,Yes,Fail
1,90.0,73.0,2,Yes,Yes,Fail
5,74.0,98.0,6,Yes,No,Fail
6,99.0,80.0,10,No,No,Fail
5,59.0,68.0,17,Yes,No,Fail
6,70.0,48.0,11,No,Yes,Fail
6,85.0,52.0,5,Yes,Yes,Fail
7,61.0,45.0,4,Yes,Yes,Fail
4,76.0,45.0,0,Yes,No,Fail
14,89.0,59.0,11,Yes,Yes,Pass
11,51.0,91.0,10,Yes,Yes,Fail
14,62.0,92.0,3,Yes,Yes,Pass
14,81.0,42.0,17,Yes,Yes,Fail
14,80.0,56.0,3,Yes,No,Pass
15,65.0,88.0,16,Yes,No,Pass
8,81.0,51.0,1,Yes,Yes,Pass
7,81.0,87.0,1,Yes,Yes,Pass
9,83.0,86.0,11,Yes,Yes,Pass
7,60.0,84.0,5,Yes,Yes,Fail
3,59.0,94.0,9,Yes,Yes,Fail
3,64.0,40.0,20,Yes,No,Fail
15,66.0,56.0,15,No,Yes,Fail
8,89.0,42.0,13,Yes,Yes,Fail
5,67.0,65.0,6,Yes,Yes,Fail
4,58.0,54.0,18,Yes,No,Fail
8,74.0,75.0,16,No,No,Fail
15,89.0,71.0,8,Yes,No,Pass
6,63.0,71.0,12,No,No,Fail
2,74.0,43.0,4,Yes,No,Fail
4,99.0,57.0,4,Yes,Yes,Pass
12,71.0,88.0,9,No,No,Pass
11,79.0,58.0,20,Yes,Yes,Fail
4,69.0,82.0,9,Yes,Yes,Fail
15,70.0,91.0,6,Yes,No,Pass
6,93.0,74.0,14,No,Yes,Fail
6,81.0,79.0,6,Yes,No,Pass
1,100.0,53.0,14,Yes,No,Fail
14,95.0,97.0,2,Yes,No,Pass
8,98.0,72.0,18,Yes,No,Fail
6,70.0,53.0,9,No,No,Fail
3,84.0,73.0,14,Yes,No,Fail
14,81.0,100.0,2,Yes,No,Pass
9,79.0,94.0,5,No,No,Pass
2,88.0,43.0,11,Yes,Yes,Fail
15,98.0,63.0,14,Yes,Yes,Pass
11,61.0,98.0,5,Yes,No,Pass
8,90.0,68.0,12,Yes,No,Fail
10,96.0,58.0,18,Yes,No,Fail
3,67.0,45.0,2,Yes,No,Fail
13,70.0,96.0,7,Yes,,Pass
12,62.0,72.0,7,Yes,Yes,Fail
5,70.0,88.0,19,Yes,Yes,Fail
6,57.0,79.0,14,Yes,Yes,Fail
10,95.0,58.0,3,Yes,Yes,Pass
6,89.0,92.0,18,Yes,No,Fail
4,95.0,40.0,20,No,No,Fail
3,56.0,44.0,2,Yes,No,Fail
4,72.0,66.0,12,Yes,Yes,Fail
1,93.0,55.0,7,Yes,Yes,Fail
4,81.0,45.0,15,Yes,Yes,Fail
1,60.0,79.0,12,Yes,No,Fail
12,71.0,52.0,2,Yes,Yes,Pass
15,71.0,87.0,15,Yes,Yes,Pass
1,92.0,74.0,8,No,Yes,Fail
10,74.0,58.0,13,Yes,Yes,Fail
14,71.0,51.0,12,Yes,No,Fail
6,77.0,55.0,20,Yes,Yes,Fail
5,78.0,98.0,6,Yes,Yes,Pass
14,62.0,82.0,14,Yes,Yes,Fail
11,67.0,49.0,6,Yes,Yes,Fail
15,51.0,64.0,5,Yes,No,Pass
4,78.0,59.0,1,Yes,No,Fail
13,70.0,70.0,8,Yes,No,Fail
11,64.0,43.0,16,Yes,No,Fail
3,76.0,83.0,4,Yes,Yes,Pass
1,99.0,62.0,11,Yes,No,Fail
6,80.0,41.0,0,Yes,Yes,Fail
2,64.0,95.0,9,Yes,Yes,Fail
8,100.0,61.0,10,Yes,,Fail
10,72.0,90.0,15,No,No,Fail
5,73.0,96.0,13,Yes,No,Fail
7,93.0,76.0,7,Yes,Yes,Pass
10,62.0,47.0,16,Yes,Yes,Fail
12,71.0,46.0,17,Yes,No,Fail
2,92.0,53.0,11,Yes,Yes,Fail
13,86.0,95.0,16,No,Yes,Fail
8,82.0,94.0,13,Yes,Yes,Pass
2,52.0,42.0,15,No,Yes,Fail
4,68.0,89.0,13,No,Yes,Fail
1,72.0,55.0,8,Yes,No,Fail
15,78.0,94.0,3,Yes,No,Pass
5,79.0,58.0,10,Yes,No,Fail
9,88.0,90.0,5,Yes,Yes,Pass
1,93.0,57.0,14,No,Yes,Fail
9,96.0,91.0,4,Yes,No,Pass
11,74.0,55.0,10,No,No,Fail
15,86.0,47.0,17,Yes,No,Fail
8,96.0,99.0,12,No,No,Fail
6,57.0,72.0,10,No,Yes,Fail
7,91.0,88.0,13,Yes,No,Pass
3,65.0,51.0,17,Yes,No,Fail
14,57.0,92.0,18,,Yes,Fail
15,50.0,50.0,14,No,No,Fail
1,93.0,44.0,8,No,No,Fail
5,54.0,66.0,7,Yes,Yes,Fail
14,52.0,51.0,19,Yes,Yes,Fail
12,50.0,56.0,0,Yes,Yes,Pass
12,53.0,45.0,3,No,No,Pass
2,89.0,72.0,13,Yes,Yes,Fail
14,84.0,44.0,1,Yes,Yes,Pass
5,81.0,96.0,15,Yes,Yes,Pass
8,91.0,67.0,2,Yes,No,Pass
11,83.0,53.0,7,Yes,No,Fail
9,92.0,44.0,5,Yes,No,Fail
2,74.0,93.0,15,Yes,Yes,Fail
12,59.0,95.0,15,Yes,No,Fail
3,70.0,98.0,6,Yes,No,Fail
3,95.0,72.0,12,Yes,No,Fail
1,88.0,89.0,12,Yes,Yes,Fail
8,76.0,87.0,4,Yes,Yes,Pass
6,76.0,80.0,19,No,No,Fail
12,51.0,58.0,17,Yes,Yes,Fail
13,90.0,61.0,14,No,No,Pass
8,97.0,44.0,17,Yes,No,Fail
11,62.0,98.0,1,Yes,No,Pass
9,58.0,41.0,9,Yes,No,Fail
5,85.0,69.0,12,Yes,No,Fail
14,71.0,86.0,17,Yes,Yes,Pass
12,91.0,78.0,14,Yes,Yes,Pass
14,75.0,43.0,11,Yes,No,Fail
3,61.0,72.0,14,Yes,No,Fail
5,66.0,52.0,12,Yes,Yes,Fail
5,63.0,59.0,17,Yes,Yes,Fail
5,63.0,93.0,14,Yes,No,Fail
3,83.0,46.0,10,Yes,No,Fail
11,69.0,54.0,18,Yes,No,Pass
14,60.0,62.0,2,Yes,No,Pass
10,65.0,53.0,6,Yes,No,Fail
14,100.0,62.0,20,No,No,Pass
4,80.0,58.0,13,No,No,Fail
9,55.0,93.0,13,Yes,No,Fail
13,68.0,68.0,12,Yes,No,Pass
10,86.0,95.0,11,Yes,No,Pass
9,53.0,59.0,8,Yes,No,Fail
2,96.0,68.0,0,Yes,Yes,Fail
8,53.0,63.0,18,Yes,Yes,Fail
8,69.0,57.0,10,Yes,Yes,Fail
7,59.0,49.0,18,Yes,Yes,Fail
8,73.0,80.0,17,Yes,Yes,Fail
14,84.0,96.0,11,Yes,Yes,Pass
3,75.0,47.0,0,Yes,Yes,Fail
13,86.0,65.0,18,Yes,No,Pass
6,87.0,68.0,19,Yes,No,Fail
1,70.0,49.0,16,Yes,Yes,Fail
7,89.0,56.0,4,Yes,No,Fail
15,88.0,41.0,2,Yes,No,Pass
15,70.0,45.0,1,Yes,No,Pass
1,59.0,97.0,2,No,No,Fail
9,87.0,44.0,7,Yes,Yes,Fail
1,95.0,67.0,15,No,Yes,Fail
1,53.0,80.0,5,Yes,Yes,Fail
15,94.0,44.0,12,Yes,Yes,Fail
7,69.0,57.0,15,Yes,No,Fail
2,66.0,65.0,15,Yes,Yes,Fail
14,56.0,59.0,2,Yes,Yes,Pass
5,53.0,80.0,12,Yes,Yes,Fail
8,78.0,88.0,13,Yes,Yes,Pass
8,63.0,66.0,7,No,No,Fail
3,52.0,88.0,11,Yes,No,Fail
7,73.0,51.0,20,Yes,Yes,Fail
3,86.0,46.0,7,Yes,Yes,Fail
6,65.0,98.0,20,Yes,Yes,Fail
6,53.0,42.0,8,Yes,Yes,Fail
3,73.0,49.0,0,No,No,Fail
7,83.0,73.0,5,No,Yes,Fail
3,79.0,64.0,18,Yes,No,Fail
8,67.0,74.0,10,Yes,No,Fail
10,68.0,55.0,10,Yes,Yes,Fail
4,80.0,41.0,12,No,Yes,Fail
15,68.0,99.0,10,Yes,No,Pass
15,98.0,63.0,17,Yes,No,Pass
13,95.0,49.0,14,Yes,No,Pass
1,68.0,77.0,0,Yes,No,Pass
4,71.0,61.0,20,Yes,No,Fail
14,73.0,65.0,6,Yes,Yes,Pass
7,94.0,82.0,12,No,No,Fail
11,61.0,94.0,11,No,No,Fail
4,79.0,78.0,17,Yes,No,Fail
13,87.0,66.0,18,Yes,No,Fail
6,80.0,68.0,14,No,No,Fail
9,85.0,86.0,7,No,Yes,Pass
1,68.0,77.0,18,Yes,Yes,Fail
13,97.0,59.0,9,Yes,No,Pass
5,94.0,66.0,6,Yes,No,Pass
11,85.0,80.0,17,Yes,No,Fail
7,79.0,93.0,15,Yes,No,Pass
1,98.0,59.0,19,Yes,No,Fail
14,82.0,83.0,5,Yes,Yes,Pass
4,67.0,58.0,8,No,Yes,Fail
6,98.0,59.0,20,Yes,No,Fail
2,77.0,74.0,12,Yes,No,Fail
10,96.0,86.0,20,Yes,No,Fail
5,60.0,41.0,7,Yes,No,Fail
11,94.0,69.0,15,Yes,No,Fail
10,82.0,92.0,12,Yes,Yes,Pass
1,66.0,73.0,12,Yes,Yes,Fail
6,55.0,61.0,16,No,No,Fail
6,53.0,42.0,19,Yes,,Fail
13,69.0,45.0,4,Yes,Yes,Pass
15,97.0,54.0,20,Yes,Yes,Fail
15,96.0,66.0,16,Yes,No,Pass
4,76.0,49.0,8,Yes,Yes,Fail
13,64.0,48.0,1,No,No,Pass
8,55.0,72.0,17,Yes,No,Fail
4,96.0,71.0,8,Yes,,Fail
8,63.0,87.0,5,No,No,Pass
15,60.0,45.0,10,Yes,Yes,Fail
13,88.0,80.0,5,No,No,Pass
8,58.0,98.0,5,Yes,No,Pass
5,75.0,75.0,12,Yes,No,Fail
13,65.0,98.0,10,Yes,No,Pass
15,54.0,99.0,13,Yes,No,Pass
4,59.0,41.0,1,Yes,Yes,Fail
12,99.0,68.0,7,Yes,Yes,Fail
13,52.0,43.0,2,Yes,No,Fail
2,62.0,40.0,20,No,Yes,Fail
11,92.0,58.0,2,Yes,Yes,Pass
15,98.0,65.0,0,No,No,Pass
3,79.0,64.0,18,Yes,Yes,Fail
3,94.0,49.0,17,Yes,Yes,Fail
4,55.0,92.0,16,Yes,No,Fail
4,66.0,54.0,19,Yes,No,Fail
10,94.0,98.0,12,No,Yes,Pass
11,100.0,61.0,2,Yes,No,Pass
11,68.0,90.0,0,Yes,No,Pass
5,91.0,87.0,3,Yes,Yes,Fail
4,84.0,60.0,12,Yes,Yes,Fail
11,95.0,98.0,16,Yes,Yes,Pass
14,75.0,95.0,10,Yes,No,Pass
10,100.0,61.0,1,Yes,Yes,Pass
8,54.0,75.0,15,Yes,No,Fail
6,78.0,73.0,1,Yes,No,Pass
6,86.0,69.0,18,Yes,No,Fail
8,69.0,64.0,18,Yes,No,Fail
7,98.0,84.0,15,No,No,Fail
15,70.0,67.0,18,Yes,Yes,Pass
10,59.0,40.0,8,Yes,Yes,Fail
14,54.0,88.0,0,Yes,No,Pass
11,85.0,84.0,9,Yes,Yes,Pass
12,55.0,43.0,18,No,No,Fail
10,75.0,46.0,0,Yes,No,Fail
13,53.0,88.0,1,Yes,No,Pass
8,88.0,48.0,15,Yes,Yes,Fail
14,88.0,75.0,11,Yes,No,Pass
2,99.0,58.0,7,Yes,Yes,Fail
9,84.0,40.0,17,Yes,No,Fail
1,50.0,49.0,1,Yes,Yes,Fail
15,73.0,75.0,12,Yes,No,Pass
8,85.0,48.0,5,Yes,Yes,Fail
12,55.0,84.0,20,Yes,No,Fail
11,90.0,85.0,5,Yes,Yes,Pass
12,95.0,81.0,8,,Yes,Pass
12,93.0,71.0,15,Yes,No,Fail
4,80.0,71.0,10,Yes,Yes,Fail
4,69.0,45.0,6,Yes,Yes,Fail
5,73.0,87.0,9,Yes,Yes,Fail
8,74.0,77.0,9,No,No,Fail
5,85.0,56.0,19,No,No,Fail
8,70.0,49.0,17,Yes,Yes,Fail
15,79.0,89.0,19,Yes,No,Pass
10,73.0,66.0,8,Yes,Yes,Fail
1,93.0,93.0,14,Yes,No,Fail
12,91.0,89.0,3,Yes,Yes,Pass
15,79.0,74.0,7,Yes,No,Pass
10,71.0,91.0,8,No,Yes,Pass
9,77.0,98.0,12,Yes,No,Fail
6,56.0,60.0,8,Yes,Yes,Fail
3,84.0,64.0,3,Yes,Yes,Pass
13,77.0,67.0,16,Yes,Yes,Fail
14,63.0,86.0,15,Yes,No,Fail
8,59.0,54.0,14,Yes,,Fail
9,65.0,43.0,2,Yes,No,Fail
6,65.0,68.0,19,Yes,No,Fail
11,80.0,98.0,4,Yes,No,Pass
7,91.0,48.0,4,Yes,No,Fail
1,74.0,66.0,19,Yes,Yes,Fail
14,62.0,65.0,14,Yes,No,Fail
5,55.0,58.0,17,Yes,Yes,Fail
5,93.0,95.0,14,No,No,Pass
10,58.0,67.0,1,Yes,No,Pass
14,94.0,56.0,12,No,No,Fail
4,85.0,82.0,3,No,No,Fail
6,92.0,96.0,9,Yes,No,Pass
7,69.0,80.0,12,Yes,No,Fail
9,67.0,81.0,9,No,Yes,Fail
1,92.0,89.0,8,Yes,Yes,Fail
15,70.0,59.0,7,Yes,No,Pass
6,53.0,84.0,2,No,No,Fail
7,99.0,79.0,15,Yes,Yes,Pass
3,82.0,78.0,13,Yes,Yes,Fail
8,76.0,88.0,8,Yes,Yes,Fail
15,56.0,92.0,20,Yes,Yes,Pass
5,55.0,62.0,10,Yes,No,Fail
15,64.0,86.0,2,Yes,No,Pass
9,67.0,71.0,4,Yes,No,Pass
5,81.0,91.0,9,Yes,No,Pass
9,60.0,86.0,12,Yes,No,Fail
10,69.0,72.0,3,Yes,Yes,Pass
4,73.0,96.0,12,Yes,Yes,Fail
9,64.0,85.0,11,Yes,No,Fail
5,97.0,44.0,4,Yes,Yes,Fail
10,56.0,82.0,9,Yes,Yes,Fail
9,70.0,87.0,8,No,Yes,Pass
3,91.0,73.0,19,Yes,Yes,Fail
15,75.0,79.0,6,Yes,Yes,Pass
4,93.0,50.0,1,Yes,No,Fail
9,63.0,100.0,6,No,,Pass
10,86.0,89.0,7,Yes,No,Pass
11,70.0,42.0,6,Yes,Yes,Pass
6,67.0,97.0,20,Yes,No,Fail
2,54.0,72.0,13,Yes,No,Fail
7,52.0,50.0,18,,No,Fail
2,72.0,55.0,4,Yes,No,Fail
11,75.0,57.0,17,Yes,Yes,Fail
2,86.0,69.0,19,No,Yes,Fail
11,73.0,87.0,11,Yes,Yes,Fail
1,98.0,94.0,16,Yes,Yes,Fail
11,68.0,49.0,12,Yes,Yes,Fail
11,100.0,57.0,1,No,No,Pass
12,74.0,77.0,12,Yes,No,Pass
11,70.0,58.0,6,No,No,Fail
3,61.0,75.0,9,No,No,Fail
6,90.0,98.0,5,Yes,No,Pass
8,82.0,52.0,2,Yes,No,Pass
9,99.0,95.0,2,Yes,No,Pass
7,53.0,85.0,17,Yes,Yes,Fail
4,91.0,42.0,10,Yes,Yes,Fail
6,56.0,49.0,19,Yes,No,Fail
5,71.0,77.0,4,No,No,Fail
8,82.0,40.0,18,Yes,No,Fail
1,66.0,94.0,18,No,No,Fail
1,73.0,95.0,14,Yes,No,Fail
13,83.0,66.0,15,Yes,Yes,Pass
15,77.0,85.0,8,No,Yes,Pass
11,92.0,47.0,3,Yes,Yes,Pass
6,90.0,90.0,14,Yes,No,Fail
10,88.0,85.0,11,Yes,Yes,Pass
12,71.0,81.0,2,Yes,Yes,Pass
2,,56.0,13,Yes,Yes,Fail
5,66.0,48.0,16,Yes,No,Fail
1,83.0,100.0,18,Yes,No,Fail
7,55.0,45.0,5,No,No,Fail
1,95.0,82.0,3,Yes,Yes,Fail
4,55.0,64.0,6,No,No,Fail
9,83.0,78.0,18,Yes,No,Fail
1,50.0,88.0,16,Yes,No,Fail
4,59.0,99.0,15,Yes,Yes,Fail
6,70.0,67.0,14,Yes,No,Fail
6,54.0,72.0,7,No,No,Fail
12,51.0,93.0,18,Yes,Yes,Fail
15,71.0,76.0,7,Yes,Yes,Pass
13,97.0,48.0,17,Yes,Yes,Fail
8,51.0,57.0,15,Yes,No,Fail
1,59.0,95.0,19,No,Yes,Fail
7,83.0,98.0,18,No,Yes,Pass
1,65.0,60.0,9,Yes,Yes,Fail
13,97.0,41.0,16,Yes,No,Fail
14,100.0,100.0,12,Yes,No,Pass
7,88.0,97.0,12,Yes,No,Fail
3,71.0,82.0,6,No,No,Fail
11,61.0,98.0,9,Yes,Yes,Pass
8,73.0,99.0,1,Yes,No,Pass
3,96.0,77.0,3,Yes,No,Pass
14,89.0,97.0,5,No,Yes,Pass
14,87.0,79.0,17,Yes,No,Pass
13,59.0,75.0,5,Yes,No,Pass
1,84.0,,16,Yes,No,Fail
13,100.0,99.0,13,Yes,Yes,Pass
13,98.0,82.0,10,Yes,No,Pass
14,81.0,76.0,18,Yes,No,Pass
8,56.0,54.0,1,Yes,Yes,Fail
3,70.0,67.0,2,Yes,Yes,Fail
2,69.0,57.0,10,,Yes,Fail
1,75.0,73.0,5,Yes,No,Fail
14,53.0,61.0,13,Yes,No,Fail
3,95.0,50.0,18,Yes,Yes,Fail
15,71.0,97.0,15,Yes,Yes,Pass
2,64.0,96.0,20,Yes,Yes,Fail
2,89.0,52.0,6,No,No,Fail
6,70.0,,7,Yes,Yes,Fail
12,64.0,61.0,18,Yes,No,Fail
1,71.0,46.0,19,Yes,No,Fail
2,77.0,100.0,15,Yes,No,Fail
14,63.0,82.0,6,Yes,Yes,Pass
6,76.0,93.0,8,Yes,Yes,Fail
3,90.0,63.0,12,Yes,No,Fail
15,89.0,43.0,0,Yes,Yes,Pass
4,77.0,67.0,7,Yes,Yes,Fail
1,75.0,54.0,3,Yes,No,Fail
8,98.0,,2,Yes,Yes,Pass
13,51.0,94.0,2,Yes,Yes,Pass
7,74.0,42.0,12,Yes,Yes,Fail
7,52.0,53.0,7,Yes,Yes,Fail
3,57.0,77.0,6,No,No,Fail
10,93.0,89.0,0,No,Yes,Pass
10,82.0,96.0,15,Yes,Yes,Pass
3,91.0,40.0,5,Yes,No,Fail
14,84.0,77.0,6,No,Yes,Pass
2,55.0,77.0,11,Yes,Yes,Fail
12,88.0,60.0,8,Yes,Yes,Pass
1,72.0,87.0,10,No,Yes,Fail
7,74.0,68.0,9,No,Yes,Fail
7,,44.0,20,Yes,Yes,Fail
12,92.0,88.0,0,Yes,No,Pass
2,68.0,49.0,17,Yes,Yes,Fail
7,54.0,67.0,3,Yes,No,Fail
13,100.0,60.0,4,Yes,No,Pass
8,60.0,89.0,8,Yes,No,Fail
1,61.0,46.0,16,Yes,Yes,Fail
9,59.0,42.0,2,Yes,Yes,Fail
7,57.0,84.0,15,Yes,No,Fail
3,73.0,86.0,4,Yes,No,Fail
8,77.0,59.0,15,Yes,No,Fail
7,90.0,58.0,2,Yes,Yes,Fail
11,85.0,74.0,19,No,No,Fail
15,86.0,43.0,14,Yes,Yes,Pass
13,70.0,44.0,2,Yes,Yes,Pass
8,57.0,40.0,19,No,Yes,Fail
6,58.0,43.0,13,Yes,Yes,Fail
9,96.0,51.0,15,Yes,No,Fail
15,64.0,99.0,16,No,No,Fail
5,97.0,66.0,19,Yes,No,Fail
3,95.0,95.0,17,Yes,No,Fail
3,89.0,81.0,17,Yes,No,Fail
1,67.0,62.0,13,Yes,No,Fail
12,91.0,64.0,17,Yes,Yes,Fail
15,69.0,60.0,14,No,No,Fail
8,55.0,100.0,14,Yes,Yes,Fail
2,61.0,97.0,5,Yes,Yes,Fail
3,51.0,91.0,14,Yes,Yes,Fail
8,56.0,63.0,17,Yes,Yes,Fail
14,65.0,64.0,3,Yes,No,Pass
8,52.0,84.0,7,Yes,No,Pass
14,94.0,94.0,14,Yes,Yes,Pass
11,52.0,85.0,2,Yes,No,Pass
4,,71.0,14,Yes,No,Fail
4,99.0,94.0,12,Yes,No,Fail
5,92.0,71.0,8,Yes,No,Fail
6,89.0,44.0,1,Yes,Yes,Pass
5,87.0,75.0,7,Yes,No,Fail
14,82.0,85.0,19,Yes,No,Pass
15,77.0,81.0,16,Yes,No,Fail
7,50.0,88.0,12,Yes,No,Fail
2,57.0,81.0,0,No,No,Fail
7,86.0,97.0,1,Yes,No,Pass
10,81.0,78.0,14,Yes,Yes,Pass
7,97.0,55.0,11,Yes,Yes,Fail
1,92.0,72.0,13,Yes,Yes,Fail
7,86.0,88.0,1,Yes,No,Pass
5,53.0,60.0,17,Yes,Yes,Fail
3,79.0,100.0,6,Yes,,Pass
13,55.0,48.0,5,No,No,Fail
3,95.0,45.0,13,No,No,Fail
4,68.0,90.0,7,Yes,No,Fail
13,81.0,84.0,1,Yes,No,Pass
12,58.0,74.0,16,Yes,No,Fail
2,61.0,78.0,4,Yes,No,Fail
2,60.0,61.0,13,Yes,No,Fail
1,95.0,80.0,19,Yes,Yes,Fail
15,65.0,93.0,20,Yes,Yes,Pass
5,50.0,44.0,20,Yes,Yes,Fail
4,94.0,81.0,2,Yes,No,Pass
11,70.0,62.0,4,Yes,No,Fail
10,79.0,56.0,15,Yes,No,Fail
15,62.0,51.0,17,Yes,Yes,Fail
2,83.0,62.0,16,Yes,No,Fail
3,53.0,55.0,10,Yes,No,Fail
7,77.0,42.0,16,No,Yes,Fail
7,87.0,69.0,15,Yes,No,Fail
12,80.0,96.0,1,Yes,No,Pass
4,76.0,61.0,3,Yes,No,Fail
5,54.0,48.0,20,Yes,No,Fail
5,74.0,68.0,6,Yes,Yes,Fail
6,52.0,86.0,1,Yes,Yes,Fail
14,82.0,76.0,5,Yes,No,Fail
9,53.0,62.0,16,Yes,No,Fail
2,74.0,52.0,6,Yes,Yes,Fail
5,69.0,71.0,4,Yes,No,Fail
12,83.0,85.0,4,Yes,No,Pass
3,75.0,91.0,19,Yes,No,Fail
4,54.0,86.0,15,Yes,Yes,Fail
10,84.0,87.0,18,Yes,No,Fail
6,77.0,62.0,8,Yes,No,Fail
12,78.0,84.0,4,Yes,No,Pass
8,58.0,56.0,7,Yes,Yes,Fail
1,87.0,94.0,8,No,Yes,Fail
10,99.0,79.0,4,Yes,No,Pass
14,55.0,60.0,9,Yes,Yes,Pass
8,68.0,41.0,1,Yes,Yes,Fail
11,93.0,76.0,8,Yes,Yes,Pass
14,60.0,45.0,10,No,No,Fail
7,51.0,83.0,3,Yes,No,Fail
1,96.0,57.0,1,No,Yes,Fail
2,93.0,69.0,5,Yes,Yes,Fail
3,93.0,61.0,13,Yes,No,Fail
1,58.0,93.0,0,Yes,No,Fail
14,70.0,72.0,17,No,Yes,Fail
9,73.0,69.0,6,Yes,Yes,Fail
8,83.0,56.0,0,Yes,No,Pass
2,71.0,82.0,0,No,No,Fail
13,52.0,71.0,0,Yes,No,Pass
9,61.0,81.0,3,Yes,No,Pass
7,77.0,90.0,3,Yes,Yes,Pass
9,79.0,53.0,17,Yes,No,Fail
6,75.0,97.0,10,Yes,Yes,Pass
6,97.0,49.0,0,Yes,No,Fail
11,70.0,86.0,9,Yes,Yes,Pass
14,77.0,99.0,8,Yes,No,Pass
4,75.0,90.0,3,Yes,No,Pass
10,82.0,75.0,5,Yes,Yes,Pass
10,70.0,73.0,15,Yes,No,Fail
13,84.0,48.0,1,Yes,Yes,Fail
13,83.0,81.0,17,Yes,Yes,Pass
2,90.0,67.0,9,Yes,Yes,Fail
7,100.0,50.0,16,Yes,Yes,Fail
5,96.0,53.0,12,Yes,Yes,Fail
11,67.0,78.0,17,Yes,No,Fail
6,60.0,94.0,12,Yes,Yes,Fail
2,72.0,86.0,16,Yes,No,Fail
5,97.0,93.0,4,Yes,Yes,Pass
10,71.0,58.0,10,Yes,No,Fail
4,66.0,93.0,6,Yes,No,Fail
9,54.0,54.0,9,Yes,No,Fail
6,93.0,67.0,16,No,No,Fail
2,60.0,63.0,14,Yes,No,Fail
1,79.0,47.0,17,Yes,No,Fail
5,64.0,82.0,18,Yes,No,Fail
9,76.0,100.0,1,Yes,Yes,Pass
6,84.0,48.0,3,Yes,No,Fail
10,82.0,86.0,2,Yes,No,Pass
12,69.0,72.0,6,Yes,No,Pass
7,65.0,72.0,17,Yes,No,Fail
5,83.0,58.0,9,Yes,No,Fail
10,51.0,42.0,6,Yes,No,Fail
6,84.0,49.0,7,Yes,Yes,Fail
5,89.0,79.0,5,Yes,Yes,Pass
11,77.0,86.0,0,Yes,Yes,Pass
9,96.0,81.0,3,Yes,No,Pass
15,88.0,,13,Yes,No,Pass
6,55.0,68.0,16,No,No,Fail
11,58.0,89.0,19,No,No,Fail
8,69.0,73.0,17,Yes,No,Fail
2,50.0,90.0,10,Yes,No,Fail
12,57.0,52.0,20,Yes,No,Fail
13,72.0,93.0,13,Yes,No,Pass
9,52.0,40.0,8,Yes,No,Fail
5,53.0,73.0,14,Yes,Yes,Fail
7,74.0,68.0,11,No,No,Fail
10,96.0,87.0,9,Yes,Yes,Pass
13,87.0,86.0,18,Yes,Yes,Pass
1,64.0,52.0,18,Yes,No,Fail
10,70.0,87.0,5,Yes,No,Fail
5,84.0,88.0,19,Yes,No,Fail
12,95.0,92.0,5,Yes,Yes,Pass
14,63.0,100.0,7,,No,Pass
10,85.0,68.0,0,Yes,Yes,Pass
14,61.0,78.0,16,No,Yes,Fail
2,66.0,63.0,16,Yes,Yes,Fail
12,88.0,65.0,14,Yes,Yes,Pass
6,58.0,56.0,6,Yes,Yes,Fail
11,84.0,46.0,18,Yes,Yes,Fail
1,62.0,52.0,2,Yes,Yes,Fail
3,64.0,44.0,10,No,No,Fail
5,67.0,65.0,19,Yes,Yes,Fail
4,100.0,88.0,18,No,No,Fail
3,82.0,42.0,8,Yes,No,Fail
10,55.0,46.0,9,Yes,No,Fail
13,76.0,97.0,1,No,No,Pass
5,72.0,88.0,0,,No,Fail
11,76.0,78.0,15,Yes,No,Pass
8,83.0,92.0,17,Yes,Yes,Fail
11,95.0,40.0,16,Yes,No,Fail
4,87.0,88.0,5,Yes,No,Fail
1,63.0,56.0,13,No,Yes,Fail
11,85.0,82.0,14,Yes,Yes,Pass
7,57.0,64.0,13,Yes,Yes,Fail
8,84.0,98.0,2,No,No,Pass
3,68.0,100.0,18,Yes,Yes,Fail
6,79.0,42.0,11,Yes,No,Fail
2,63.0,54.0,1,Yes,Yes,Fail
7,69.0,68.0,2,Yes,No,Fail
15,98.0,92.0,17,Yes,Yes,Pass
8,74.0,82.0,0,No,Yes,Pass
6,89.0,71.0,19,Yes,No,Fail
6,73.0,65.0,20,Yes,Yes,Fail
5,63.0,99.0,5,Yes,Yes,Pass
8,75.0,55.0,4,Yes,Yes,Fail
1,87.0,64.0,0,Yes,No,Fail
10,72.0,93.0,18,Yes,No,Fail
4,71.0,67.0,0,Yes,No,Fail
15,97.0,48.0,20,Yes,No,Pass
4,68.0,95.0,20,Yes,Yes,Fail
3,95.0,95.0,15,Yes,No,Fail
3,100.0,40.0,11,Yes,No,Fail
4,52.0,68.0,7,Yes,Yes,Fail
11,91.0,96.0,15,Yes,Yes,Pass
1,68.0,61.0,0,Yes,Yes,Fail
14,58.0,55.0,3,Yes,No,Pass
11,77.0,80.0,9,Yes,Yes,Fail
13,69.0,90.0,10,Yes,No,Pass
11,94.0,83.0,16,Yes,Yes,Pass
2,56.0,90.0,6,Yes,Yes,Fail
9,63.0,93.0,11,Yes,Yes,Fail
10,58.0,80.0,20,Yes,No,Fail
2,68.0,46.0,6,Yes,Yes,Fail
5,96.0,53.0,11,No,Yes,Fail
9,63.0,68.0,14,No,Yes,Fail
9,87.0,58.0,1,Yes,Yes,Pass
8,85.0,58.0,13,Yes,Yes,Fail
1,89.0,41.0,12,Yes,No,Fail
1,66.0,80.0,3,Yes,No,Fail
9,79.0,84.0,13,Yes,No,Pass
13,58.0,54.0,13,Yes,Yes,Fail
11,82.0,42.0,15,Yes,Yes,Fail
8,74.0,50.0,6,Yes,Yes,Fail
10,63.0,92.0,18,No,No,Fail
9,60.0,85.0,1,Yes,No,Pass
7,84.0,69.0,9,Yes,Yes,Fail
3,90.0,96.0,17,Yes,No,Fail
3,63.0,79.0,16,Yes,No,Fail
2,79.0,57.0,4,Yes,Yes,Fail
5,90.0,90.0,11,Yes,Yes,Pass
12,53.0,87.0,5,Yes,No,Fail
12,53.0,41.0,8,Yes,No,Fail
3,77.0,71.0,19,Yes,Yes,Fail
14,57.0,47.0,0,No,Yes,Pass
6,51.0,61.0,14,No,No,Fail
2,90.0,45.0,20,Yes,Yes,Fail
12,95.0,51.0,5,Yes,No,Pass
3,71.0,86.0,18,Yes,No,Fail
5,90.0,96.0,17,Yes,Yes,Fail
12,65.0,79.0,5,Yes,Yes,Pass
11,78.0,75.0,12,Yes,No,Fail
11,98.0,54.0,0,Yes,Yes,Pass
1,97.0,67.0,12,Yes,Yes,Fail
13,79.0,91.0,6,Yes,No,Pass
1,61.0,96.0,14,No,Yes,Fail
10,84.0,88.0,11,Yes,No,Fail
9,60.0,84.0,0,Yes,Yes,Pass
7,95.0,57.0,14,Yes,No,Fail
1,99.0,41.0,3,No,Yes,Fail
15,70.0,52.0,12,Yes,No,Pass
12,70.0,84.0,4,Yes,No,Pass
14,54.0,93.0,1,Yes,Yes,Pass
8,97.0,54.0,0,Yes,Yes,Fail
3,69.0,59.0,15,Yes,Yes,Fail
8,86.0,68.0,5,Yes,No,Pass
15,52.0,98.0,15,No,No,Fail
5,93.0,81.0,13,Yes,No,Fail
1,82.0,68.0,2,No,,Fail
7,58.0,42.0,14,Yes,No,Fail
5,58.0,58.0,2,Yes,Yes,Fail
6,53.0,42.0,1,No,No,Fail
6,84.0,93.0,0,Yes,No,Pass
8,66.0,53.0,8,Yes,Yes,Fail
9,83.0,79.0,8,Yes,Yes,Fail
2,73.0,98.0,6,Yes,No,Fail
9,81.0,94.0,2,Yes,No,Pass
12,50.0,43.0,17,Yes,Yes,Fail
15,57.0,98.0,10,Yes,Yes,Pass
11,94.0,99.0,6,Yes,No,Pass
10,72.0,91.0,8,Yes,Yes,Pass
9,96.0,50.0,0,Yes,Yes,Pass
13,89.0,97.0,13,Yes,Yes,Pass
10,61.0,70.0,19,No,Yes,Fail
15,61.0,82.0,5,Yes,No,Pass
10,95.0,71.0,6,Yes,No,Pass
7,96.0,66.0,9,Yes,No,Pass
1,64.0,69.0,6,No,Yes,Fail
7,90.0,82.0,1,Yes,No,Pass
10,68.0,41.0,3,Yes,No,Fail
5,75.0,88.0,20,Yes,Yes,Fail
6,78.0,48.0,16,Yes,No,Fail
10,71.0,67.0,0,Yes,Yes,Pass
7,89.0,70.0,9,Yes,No,Fail
14,70.0,99.0,18,Yes,Yes,Pass
15,100.0,73.0,14,No,No,Pass
5,87.0,100.0,9,Yes,Yes,Pass
7,69.0,95.0,18,Yes,No,Fail
9,78.0,54.0,11,Yes,Yes,Fail
3,100.0,87.0,15,No,No,Fail
8,53.0,64.0,8,Yes,No,Fail
2,56.0,75.0,14,Yes,No,Fail
11,77.0,47.0,16,Yes,No,Fail
7,77.0,48.0,13,Yes,No,Fail
13,53.0,97.0,17,Yes,Yes,Pass
2,71.0,97.0,1,Yes,No,Pass
15,61.0,76.0,3,Yes,No,Pass
14,94.0,87.0,17,Yes,No,Pass
4,52.0,84.0,6,Yes,No,Fail
7,71.0,78.0,12,Yes,Yes,Fail
3,93.0,71.0,14,Yes,Yes,Fail
2,51.0,97.0,0,Yes,No,Fail
11,73.0,91.0,10,Yes,No,Fail
10,83.0,56.0,9,Yes,Yes,Fail
7,76.0,74.0,4,Yes,No,Fail
1,90.0,76.0,15,Yes,No,Fail
14,50.0,58.0,10,Yes,Yes,Fail
15,57.0,83.0,20,Yes,No,Fail
8,72.0,68.0,5,Yes,No,Fail
3,87.0,98.0,8,,No,Fail
12,55.0,46.0,12,Yes,No,Fail
12,71.0,67.0,7,No,No,Fail
13,74.0,48.0,13,Yes,Yes,Fail
2,67.0,67.0,0,No,Yes,Fail
3,66.0,45.0,16,Yes,Yes,Fail
5,,68.0,4,No,Yes,Fail
11,55.0,97.0,1,Yes,Yes,Pass
8,75.0,56.0,8,Yes,Yes,Fail
10,76.0,55.0,3,Yes,Yes,Fail
7,57.0,62.0,16,Yes,Yes,Fail
7,68.0,70.0,16,No,No,Fail
12,91.0,42.0,20,Yes,Yes,Fail
7,50.0,60.0,17,Yes,No,Fail
15,78.0,65.0,15,Yes,No,Pass
8,94.0,75.0,7,Yes,Yes,Pass
1,98.0,81.0,10,Yes,No,Fail
4,84.0,76.0,20,Yes,No,Fail
13,89.0,92.0,20,Yes,Yes,Pass
6,63.0,61.0,17,Yes,Yes,Fail
9,84.0,81.0,9,No,Yes,Pass
13,97.0,51.0,12,Yes,Yes,Pass
2,94.0,81.0,16,Yes,Yes,Fail
1,69.0,100.0,17,Yes,No,Fail
13,98.0,52.0,9,Yes,No,Pass
10,62.0,50.0,15,Yes,No,Fail
12,87.0,93.0,19,Yes,Yes,Pass
14,98.0,55.0,4,Yes,Yes,Pass
2,95.0,47.0,12,No,Yes,Fail
7,98.0,79.0,17,Yes,Yes,Fail
3,57.0,98.0,16,Yes,Yes,Fail
10,92.0,96.0,8,No,No,Pass
2,69.0,79.0,13,Yes,Yes,Fail
14,82.0,84.0,16,Yes,No,Pass
11,75.0,98.0,3,Yes,Yes,Pass
7,88.0,41.0,17,Yes,No,Fail
13,70.0,69.0,19,Yes,No,Fail
13,98.0,69.0,14,Yes,No,Pass
2,91.0,51.0,10,Yes,Yes,Fail
3,92.0,49.0,11,No,No,Fail
11,90.0,83.0,8,Yes,No,Pass
7,58.0,50.0,12,No,No,Fail
14,73.0,54.0,14,No,No,Fail
4,86.0,55.0,14,Yes,No,Fail
13,98.0,56.0,4,Yes,Yes,Pass
14,90.0,65.0,18,Yes,No,Fail
1,66.0,41.0,19,Yes,No,Fail
13,73.0,89.0,13,Yes,Yes,Pass
14,70.0,51.0,16,No,Yes,Fail
5,100.0,90.0,17,Yes,Yes,Fail
12,88.0,65.0,20,Yes,No,Fail
9,90.0,62.0,2,Yes,Yes,Pass
8,88.0,57.0,1,Yes,Yes,Fail
12,62.0,71.0,0,Yes,Yes,Pass
15,60.0,88.0,9,Yes,No,Pass
3,94.0,51.0,3,Yes,Yes,Fail
5,54.0,97.0,2,Yes,Yes,Pass
10,78.0,77.0,6,Yes,No,Pass
1,60.0,63.0,17,Yes,No,Fail
14,52.0,93.0,10,No,Yes,Pass
